case,file,pages,seconds,ocr_lines,tsr_calls,cell_calls,warnings
before-ocr-off-c2,2403.01632v4.pdf,47,4.904366559,0,0,0,"{""ContentLayoutOverlap"": 7, ""EmptyModelRegion"": 2}"
before-ocr-off-c2,2410.05779v3.pdf,16,2.4324859229999998,0,0,0,{}
before-ocr-off-c2,2412.05210v1.pdf,12,2.036266701,0,0,0,"{""ContentLayoutOverlap"": 2, ""EmptyModelRegion"": 2}"
before-ocr-off-c2,2603.01919v2.pdf,23,7.820316498,0,3,0,"{""TableStructureUnavailable"": 1, ""TableTextAssignmentFailed"": 1}"
before-ocr-off-c2,2303.18223v16.pdf,144,17.53677663,0,5,0,"{""ContentLayoutOverlap"": 5, ""EmptyModelRegion"": 1}"
before-ocr-off-c2,2604.18583v1.pdf,15,2.472262132,0,0,0,"{""ContentLayoutOverlap"": 2, ""EmptyModelRegion"": 1}"
before-ocr-off-c2,2604.21959v1.pdf,3,0.533218224,0,0,0,{}
before-ocr-off-c2,2604.18584v1.pdf,32,4.284041066,0,2,0,"{""ContentLayoutOverlap"": 6, ""EmptyModelRegion"": 1, ""TableStructureUnavailable"": 1, ""TableTextAssignmentFailed"": 1}"
before-ocr-off-c2,2606.17056v1.pdf,25,2.8100406270000002,0,0,0,{}
before-ocr-off-c2,2609.04180v1.pdf,23,3.016178409,0,0,0,"{""ContentLayoutOverlap"": 3}"
before-ocr-off-c2,2609.04184v1.pdf,8,1.8323176989999999,0,1,0,"{""ContentLayoutOverlap"": 1}"
before-ocr-off-c2,2609.04203v1.pdf,20,2.3301499,0,1,0,"{""ContentLayoutOverlap"": 5}"
before-ocr-on-c2,2403.01632v4.pdf,47,23.379703174,417,0,0,"{""ContentLayoutOverlap"": 9, ""EmptyModelRegion"": 2, ""OcrPartialOverlap"": 3}"
before-ocr-on-c2,2303.18223v16.pdf,144,41.347063531,717,5,0,"{""ContentLayoutOverlap"": 5, ""EmptyModelRegion"": 1, ""OcrPartialOverlap"": 13}"
before-ocr-on-c2,2410.05779v3.pdf,16,20.517892128,291,0,0,"{""OcrPartialOverlap"": 28}"
before-ocr-on-c2,2412.05210v1.pdf,12,17.936589245,439,0,0,"{""ContentLayoutOverlap"": 2, ""EmptyModelRegion"": 2, ""OcrPartialOverlap"": 29}"
before-ocr-on-c2,2603.01919v2.pdf,23,21.915133874,1101,3,0,"{""OcrPartialOverlap"": 2, ""TableStructureUnavailable"": 1, ""TableTextAssignmentFailed"": 1}"
before-ocr-on-c2,2604.18583v1.pdf,15,12.498413017,100,0,0,"{""ContentLayoutOverlap"": 2, ""EmptyModelRegion"": 1}"
before-ocr-on-c2,2604.21959v1.pdf,3,5.899245048,87,0,0,{}
before-ocr-on-c2,2604.18584v1.pdf,32,30.52479055,882,2,0,"{""ContentLayoutOverlap"": 5, ""EmptyModelRegion"": 1, ""OcrPartialOverlap"": 5, ""TableStructureUnavailable"": 1, ""TableTextAssignmentFailed"": 1}"
before-ocr-on-c2,2606.17056v1.pdf,25,25.892270083,831,0,0,"{""OcrPartialOverlap"": 4}"
before-ocr-on-c2,2609.04180v1.pdf,23,18.112666449,755,0,0,"{""ContentLayoutOverlap"": 3, ""OcrPartialOverlap"": 79}"
before-ocr-on-c2,2609.04184v1.pdf,8,11.297059389,239,1,0,"{""ContentLayoutOverlap"": 1, ""OcrPartialOverlap"": 1}"
before-ocr-on-c2,2609.04203v1.pdf,20,5.9555445769999995,287,1,0,"{""ContentLayoutOverlap"": 5, ""OcrPartialOverlap"": 19}"
after-ocr-off-c2,2403.01632v4.pdf,47,4.847658716,0,0,0,"{""ContentLayoutOverlap"": 7, ""EmptyModelRegion"": 2}"
after-ocr-off-c2,2410.05779v3.pdf,16,2.4645693140000002,0,0,0,{}
after-ocr-off-c2,2412.05210v1.pdf,12,2.055514744,0,0,0,"{""ContentLayoutOverlap"": 2, ""EmptyModelRegion"": 2}"
after-ocr-off-c2,2603.01919v2.pdf,23,8.439381851,0,3,1,"{""TableStructureUnavailable"": 1, ""TableTextAssignmentFailed"": 1}"
after-ocr-off-c2,2303.18223v16.pdf,144,18.207534499,0,5,1,"{""ContentLayoutOverlap"": 5, ""EmptyModelRegion"": 1}"
after-ocr-off-c2,2604.18583v1.pdf,15,2.743932588,0,0,0,"{""ContentLayoutOverlap"": 2, ""EmptyModelRegion"": 1}"
after-ocr-off-c2,2604.21959v1.pdf,3,0.570658887,0,0,0,{}
after-ocr-off-c2,2604.18584v1.pdf,32,4.530610664,0,2,2,"{""ContentLayoutOverlap"": 6, ""EmptyModelRegion"": 1, ""TableStructureUnavailable"": 1, ""TableTextAssignmentFailed"": 1}"
after-ocr-off-c2,2606.17056v1.pdf,25,2.412621589,0,0,0,{}
after-ocr-off-c2,2609.04180v1.pdf,23,2.943624786,0,0,0,"{""ContentLayoutOverlap"": 3}"
after-ocr-off-c2,2609.04184v1.pdf,8,2.162473468,0,1,1,"{""ContentLayoutOverlap"": 1}"
after-ocr-off-c2,2609.04203v1.pdf,20,2.373331395,0,1,1,"{""ContentLayoutOverlap"": 5}"
after-ocr-off-c3,2410.05779v3.pdf,16,1.963851924,0,0,0,{}
after-ocr-off-c3,2412.05210v1.pdf,12,2.455535391,0,0,0,"{""ContentLayoutOverlap"": 2, ""EmptyModelRegion"": 2}"
after-ocr-off-c3,2403.01632v4.pdf,47,8.12275624,0,0,0,"{""ContentLayoutOverlap"": 7, ""EmptyModelRegion"": 2}"
after-ocr-off-c3,2604.18583v1.pdf,15,3.264212422,0,0,0,"{""ContentLayoutOverlap"": 2, ""EmptyModelRegion"": 1}"
after-ocr-off-c3,2604.18584v1.pdf,32,9.211900842,0,2,2,"{""ContentLayoutOverlap"": 6, ""EmptyModelRegion"": 1, ""TableStructureUnavailable"": 1, ""TableTextAssignmentFailed"": 1}"
after-ocr-off-c3,2603.01919v2.pdf,23,16.336568648,0,3,1,"{""TableStructureUnavailable"": 1, ""TableTextAssignmentFailed"": 1}"
after-ocr-off-c3,2604.21959v1.pdf,3,0.299146708,0,0,0,{}
after-ocr-off-c3,2303.18223v16.pdf,144,21.485841195,0,5,1,"{""ContentLayoutOverlap"": 5, ""EmptyModelRegion"": 1}"
after-ocr-off-c3,2609.04184v1.pdf,8,3.350484313,0,1,1,"{""ContentLayoutOverlap"": 1}"
after-ocr-off-c3,2606.17056v1.pdf,25,4.089860372,0,0,0,{}
after-ocr-off-c3,2609.04180v1.pdf,23,4.181657475,0,0,0,"{""ContentLayoutOverlap"": 3}"
after-ocr-off-c3,2609.04203v1.pdf,20,2.569268804,0,1,1,"{""ContentLayoutOverlap"": 5}"
after-ocr-off-c4,2412.05210v1.pdf,12,2.6985419349999997,0,0,0,"{""ContentLayoutOverlap"": 2, ""EmptyModelRegion"": 2}"
after-ocr-off-c4,2410.05779v3.pdf,16,2.814650856,0,0,0,{}
after-ocr-off-c4,2604.18583v1.pdf,15,4.991202997,0,0,0,"{""ContentLayoutOverlap"": 2, ""EmptyModelRegion"": 1}"
after-ocr-off-c4,2403.01632v4.pdf,47,10.880945143,0,0,0,"{""ContentLayoutOverlap"": 7, ""EmptyModelRegion"": 2}"
after-ocr-off-c4,2604.21959v1.pdf,3,0.808644925,0,0,0,{}
after-ocr-off-c4,2604.18584v1.pdf,32,8.499736552,0,2,2,"{""ContentLayoutOverlap"": 6, ""EmptyModelRegion"": 1, ""TableStructureUnavailable"": 1, ""TableTextAssignmentFailed"": 1}"
after-ocr-off-c4,2606.17056v1.pdf,25,5.144564766,0,0,0,{}
after-ocr-off-c4,2609.04180v1.pdf,23,4.39436107,0,0,0,"{""ContentLayoutOverlap"": 3}"
after-ocr-off-c4,2609.04184v1.pdf,8,8.897398183,0,1,1,"{""ContentLayoutOverlap"": 1}"
after-ocr-off-c4,2609.04203v1.pdf,20,5.314611792,0,1,1,"{""ContentLayoutOverlap"": 5}"
after-ocr-off-c4,2603.01919v2.pdf,23,23.396784355,0,3,1,"{""TableStructureUnavailable"": 1, ""TableTextAssignmentFailed"": 1}"
after-ocr-off-c4,2303.18223v16.pdf,144,26.6037752,0,5,1,"{""ContentLayoutOverlap"": 5, ""EmptyModelRegion"": 1}"
after-ocr-off-c5,2412.05210v1.pdf,12,3.276210384,0,0,0,"{""ContentLayoutOverlap"": 2, ""EmptyModelRegion"": 2}"
after-ocr-off-c5,2410.05779v3.pdf,16,3.394096925,0,0,0,{}
after-ocr-off-c5,2604.18583v1.pdf,15,5.601353479,0,0,0,"{""ContentLayoutOverlap"": 2, ""EmptyModelRegion"": 1}"
after-ocr-off-c5,2604.21959v1.pdf,3,1.107979995,0,0,0,{}
after-ocr-off-c5,2604.18584v1.pdf,32,9.842324068,0,2,2,"{""ContentLayoutOverlap"": 6, ""EmptyModelRegion"": 1, ""TableStructureUnavailable"": 1, ""TableTextAssignmentFailed"": 1}"
after-ocr-off-c5,2403.01632v4.pdf,47,14.058596651,0,0,0,"{""ContentLayoutOverlap"": 7, ""EmptyModelRegion"": 2}"
after-ocr-off-c5,2603.01919v2.pdf,23,16.284671291,0,3,1,"{""TableStructureUnavailable"": 1, ""TableTextAssignmentFailed"": 1}"
after-ocr-off-c5,2606.17056v1.pdf,25,7.292693889,0,0,0,{}
after-ocr-off-c5,2609.04184v1.pdf,8,4.076685428,0,1,1,"{""ContentLayoutOverlap"": 1}"
after-ocr-off-c5,2609.04180v1.pdf,23,5.964114128,0,0,0,"{""ContentLayoutOverlap"": 3}"
after-ocr-off-c5,2609.04203v1.pdf,20,9.789490538,0,1,1,"{""ContentLayoutOverlap"": 5}"
after-ocr-off-c5,2303.18223v16.pdf,144,26.635836385,0,5,1,"{""ContentLayoutOverlap"": 5, ""EmptyModelRegion"": 1}"
after-ocr-on-c2,2403.01632v4.pdf,47,24.398609771,417,0,0,"{""ContentLayoutOverlap"": 9, ""EmptyModelRegion"": 2, ""OcrPartialOverlap"": 3}"
after-ocr-on-c2,2303.18223v16.pdf,144,42.555068368,717,5,1,"{""ContentLayoutOverlap"": 5, ""EmptyModelRegion"": 1, ""OcrPartialOverlap"": 13}"
after-ocr-on-c2,2410.05779v3.pdf,16,22.163976243,291,0,0,"{""OcrPartialOverlap"": 28}"
after-ocr-on-c2,2412.05210v1.pdf,12,14.589931544,439,0,0,"{""ContentLayoutOverlap"": 2, ""EmptyModelRegion"": 2, ""OcrPartialOverlap"": 29}"
after-ocr-on-c2,2603.01919v2.pdf,23,21.713874052,1101,3,1,"{""OcrPartialOverlap"": 2, ""TableStructureUnavailable"": 1, ""TableTextAssignmentFailed"": 1}"
after-ocr-on-c2,2604.18583v1.pdf,15,13.514966975,100,0,0,"{""ContentLayoutOverlap"": 2, ""EmptyModelRegion"": 1}"
after-ocr-on-c2,2604.21959v1.pdf,3,6.76427412,87,0,0,{}
after-ocr-on-c2,2604.18584v1.pdf,32,34.493013652,882,2,2,"{""ContentLayoutOverlap"": 5, ""EmptyModelRegion"": 1, ""OcrPartialOverlap"": 5, ""TableStructureUnavailable"": 1, ""TableTextAssignmentFailed"": 1}"
after-ocr-on-c2,2606.17056v1.pdf,25,28.178262739,831,0,0,"{""OcrPartialOverlap"": 4}"
after-ocr-on-c2,2609.04180v1.pdf,23,14.840387721,755,0,0,"{""ContentLayoutOverlap"": 3, ""OcrPartialOverlap"": 79}"
after-ocr-on-c2,2609.04184v1.pdf,8,12.052767281,239,1,1,"{""ContentLayoutOverlap"": 1, ""OcrPartialOverlap"": 1}"
after-ocr-on-c2,2609.04203v1.pdf,20,6.134596781,287,1,1,"{""ContentLayoutOverlap"": 5, ""OcrPartialOverlap"": 19}"
after-ocr-on-c3,2410.05779v3.pdf,16,22.483852448,291,0,0,"{""OcrPartialOverlap"": 28}"
after-ocr-on-c3,2403.01632v4.pdf,47,39.470967434,417,0,0,"{""ContentLayoutOverlap"": 9, ""EmptyModelRegion"": 2, ""OcrPartialOverlap"": 3}"
after-ocr-on-c3,2412.05210v1.pdf,12,31.412437702,439,0,0,"{""ContentLayoutOverlap"": 2, ""EmptyModelRegion"": 2, ""OcrPartialOverlap"": 29}"
after-ocr-on-c3,2303.18223v16.pdf,144,58.468027585,717,5,1,"{""ContentLayoutOverlap"": 5, ""EmptyModelRegion"": 1, ""OcrPartialOverlap"": 13}"
after-ocr-on-c3,2603.01919v2.pdf,23,29.48522392,1101,3,1,"{""OcrPartialOverlap"": 2, ""TableStructureUnavailable"": 1, ""TableTextAssignmentFailed"": 1}"
after-ocr-on-c3,2604.18583v1.pdf,15,19.916188118,100,0,0,"{""ContentLayoutOverlap"": 2, ""EmptyModelRegion"": 1}"
after-ocr-on-c3,2604.21959v1.pdf,3,8.19797323,87,0,0,{}
after-ocr-on-c3,2604.18584v1.pdf,32,43.745917889,882,2,2,"{""ContentLayoutOverlap"": 5, ""EmptyModelRegion"": 1, ""OcrPartialOverlap"": 5, ""TableStructureUnavailable"": 1, ""TableTextAssignmentFailed"": 1}"
after-ocr-on-c3,2609.04180v1.pdf,23,33.452822341,755,0,0,"{""ContentLayoutOverlap"": 3, ""OcrPartialOverlap"": 79}"
after-ocr-on-c3,2606.17056v1.pdf,25,43.091927279,831,0,0,"{""OcrPartialOverlap"": 4}"
after-ocr-on-c3,2609.04184v1.pdf,8,15.472683323,239,1,1,"{""ContentLayoutOverlap"": 1, ""OcrPartialOverlap"": 1}"
after-ocr-on-c3,2609.04203v1.pdf,20,11.393982972,287,1,1,"{""ContentLayoutOverlap"": 5, ""OcrPartialOverlap"": 19}"
after-ocr-on-c4,2410.05779v3.pdf,16,28.066601077,291,0,0,"{""OcrPartialOverlap"": 28}"
after-ocr-on-c4,2412.05210v1.pdf,12,31.744030798,439,0,0,"{""ContentLayoutOverlap"": 2, ""EmptyModelRegion"": 2, ""OcrPartialOverlap"": 29}"
after-ocr-on-c4,2403.01632v4.pdf,47,54.936019372,417,0,0,"{""ContentLayoutOverlap"": 9, ""EmptyModelRegion"": 2, ""OcrPartialOverlap"": 3}"
after-ocr-on-c4,2604.18583v1.pdf,15,28.605329807,100,0,0,"{""ContentLayoutOverlap"": 2, ""EmptyModelRegion"": 1}"
after-ocr-on-c4,2303.18223v16.pdf,144,69.025731465,717,5,1,"{""ContentLayoutOverlap"": 5, ""EmptyModelRegion"": 1, ""OcrPartialOverlap"": 13}"
after-ocr-on-c4,2603.01919v2.pdf,23,44.508278916,1101,3,1,"{""OcrPartialOverlap"": 2, ""TableStructureUnavailable"": 1, ""TableTextAssignmentFailed"": 1}"
after-ocr-on-c4,2604.21959v1.pdf,3,18.323641363,87,0,0,{}
after-ocr-on-c4,2609.04184v1.pdf,8,28.381182183,239,1,1,"{""ContentLayoutOverlap"": 1, ""OcrPartialOverlap"": 1}"
after-ocr-on-c4,2609.04180v1.pdf,23,41.343461945,755,0,0,"{""ContentLayoutOverlap"": 3, ""OcrPartialOverlap"": 79}"
after-ocr-on-c4,2604.18584v1.pdf,32,63.159146143,882,2,2,"{""ContentLayoutOverlap"": 5, ""EmptyModelRegion"": 1, ""OcrPartialOverlap"": 5, ""TableStructureUnavailable"": 1, ""TableTextAssignmentFailed"": 1}"
after-ocr-on-c4,2606.17056v1.pdf,25,53.196225157,831,0,0,"{""OcrPartialOverlap"": 4}"
after-ocr-on-c4,2609.04203v1.pdf,20,16.644601482,287,1,1,"{""ContentLayoutOverlap"": 5, ""OcrPartialOverlap"": 19}"
after-ocr-on-c5,2410.05779v3.pdf,16,31.864234414,291,0,0,"{""OcrPartialOverlap"": 28}"
after-ocr-on-c5,2412.05210v1.pdf,12,36.089709991,439,0,0,"{""ContentLayoutOverlap"": 2, ""EmptyModelRegion"": 2, ""OcrPartialOverlap"": 29}"
after-ocr-on-c5,2603.01919v2.pdf,23,54.13837303,1101,3,1,"{""OcrPartialOverlap"": 2, ""TableStructureUnavailable"": 1, ""TableTextAssignmentFailed"": 1}"
after-ocr-on-c5,2604.18583v1.pdf,15,34.478013183,100,0,0,"{""ContentLayoutOverlap"": 2, ""EmptyModelRegion"": 1}"
after-ocr-on-c5,2403.01632v4.pdf,47,70.429007853,417,0,0,"{""ContentLayoutOverlap"": 9, ""EmptyModelRegion"": 2, ""OcrPartialOverlap"": 3}"
after-ocr-on-c5,2604.21959v1.pdf,3,17.953335479,87,0,0,{}
after-ocr-on-c5,2303.18223v16.pdf,144,84.944067041,717,5,1,"{""ContentLayoutOverlap"": 5, ""EmptyModelRegion"": 1, ""OcrPartialOverlap"": 13}"
after-ocr-on-c5,2604.18584v1.pdf,32,71.3862542,882,2,2,"{""ContentLayoutOverlap"": 5, ""EmptyModelRegion"": 1, ""OcrPartialOverlap"": 5, ""TableStructureUnavailable"": 1, ""TableTextAssignmentFailed"": 1}"
after-ocr-on-c5,2609.04184v1.pdf,8,42.141232062,239,1,1,"{""ContentLayoutOverlap"": 1, ""OcrPartialOverlap"": 1}"
after-ocr-on-c5,2609.04180v1.pdf,23,47.989727447,755,0,0,"{""ContentLayoutOverlap"": 3, ""OcrPartialOverlap"": 79}"
after-ocr-on-c5,2606.17056v1.pdf,25,55.805859565,831,0,0,"{""OcrPartialOverlap"": 4}"
after-ocr-on-c5,2609.04203v1.pdf,20,37.538036548,287,1,1,"{""ContentLayoutOverlap"": 5, ""OcrPartialOverlap"": 19}"
tsr-only-ocr-off-c2,2403.01632v4.pdf,47,6.786331305,0,7,7,"{""ContentLayoutOverlap"": 7, ""EmptyModelRegion"": 2}"
tsr-only-ocr-off-c2,2410.05779v3.pdf,16,4.030675074,0,6,6,{}
tsr-only-ocr-off-c2,2412.05210v1.pdf,12,9.149168361,0,8,4,"{""ContentLayoutOverlap"": 2, ""EmptyModelRegion"": 2}"
tsr-only-ocr-off-c2,2303.18223v16.pdf,144,20.556840495,0,30,24,"{""ContentLayoutOverlap"": 5, ""EmptyModelRegion"": 1}"
tsr-only-ocr-off-c2,2604.18583v1.pdf,15,3.401082335,0,2,2,"{""ContentLayoutOverlap"": 2, ""EmptyModelRegion"": 1}"
tsr-only-ocr-off-c2,2603.01919v2.pdf,23,8.012467003,0,20,18,"{""TableStructureUnavailable"": 1, ""TableTextAssignmentFailed"": 1}"
tsr-only-ocr-off-c2,2604.21959v1.pdf,3,0.286772328,0,0,0,{}
tsr-only-ocr-off-c2,2604.18584v1.pdf,32,4.703787875,0,18,18,"{""ContentLayoutOverlap"": 6, ""EmptyModelRegion"": 1, ""TableStructureUnavailable"": 1, ""TableTextAssignmentFailed"": 1}"
tsr-only-ocr-off-c2,2606.17056v1.pdf,25,4.288097559,0,4,4,{}
tsr-only-ocr-off-c2,2609.04180v1.pdf,23,4.957135055,0,12,12,"{""ContentLayoutOverlap"": 3}"
tsr-only-ocr-off-c2,2609.04184v1.pdf,8,1.25386658,0,7,7,"{""ContentLayoutOverlap"": 1}"
tsr-only-ocr-off-c2,2609.04203v1.pdf,20,3.16945906,0,19,19,"{""ContentLayoutOverlap"": 5}"
tsr-only-ocr-on-c2,2403.01632v4.pdf,47,25.53470516,417,7,7,"{""ContentLayoutOverlap"": 9, ""EmptyModelRegion"": 2, ""OcrPartialOverlap"": 3}"
tsr-only-ocr-on-c2,2303.18223v16.pdf,144,44.175830324,717,30,24,"{""ContentLayoutOverlap"": 5, ""EmptyModelRegion"": 1, ""OcrPartialOverlap"": 13}"
tsr-only-ocr-on-c2,2410.05779v3.pdf,16,21.303635404,291,6,6,"{""OcrPartialOverlap"": 28}"
tsr-only-ocr-on-c2,2412.05210v1.pdf,12,19.404681634,439,8,4,"{""ContentLayoutOverlap"": 2, ""EmptyModelRegion"": 2, ""OcrPartialOverlap"": 29}"
tsr-only-ocr-on-c2,2603.01919v2.pdf,23,23.04724183,1101,20,18,"{""OcrPartialOverlap"": 2, ""TableStructureUnavailable"": 1, ""TableTextAssignmentFailed"": 1}"
tsr-only-ocr-on-c2,2604.18583v1.pdf,15,12.647416682,100,2,2,"{""ContentLayoutOverlap"": 2, ""EmptyModelRegion"": 1}"
tsr-only-ocr-on-c2,2604.21959v1.pdf,3,5.214658513,87,0,0,{}
tsr-only-ocr-on-c2,2604.18584v1.pdf,32,36.783922872,882,18,18,"{""ContentLayoutOverlap"": 5, ""EmptyModelRegion"": 1, ""OcrPartialOverlap"": 5, ""TableStructureUnavailable"": 1, ""TableTextAssignmentFailed"": 1}"
tsr-only-ocr-on-c2,2606.17056v1.pdf,25,28.297535231,831,4,4,"{""OcrPartialOverlap"": 4}"
tsr-only-ocr-on-c2,2609.04180v1.pdf,23,15.424047867,755,12,12,"{""ContentLayoutOverlap"": 3, ""OcrPartialOverlap"": 79}"
tsr-only-ocr-on-c2,2609.04184v1.pdf,8,12.794353012,239,7,7,"{""ContentLayoutOverlap"": 1, ""OcrPartialOverlap"": 1}"
tsr-only-ocr-on-c2,2609.04203v1.pdf,20,6.54129245,287,19,19,"{""ContentLayoutOverlap"": 5, ""OcrPartialOverlap"": 19}"
