unix_seconds,pid,cpu_percent,rss_mb,threads,read_bytes,write_bytes,voluntary_switches,involuntary_switches
1789326945.3099134,389111,0.0,1.8828125,1,0,0,0,3
1789326946.3103726,389111,97.0,963.8125,66,0,4096,20,5
1789326947.3106852,389111,99.0,1613.79296875,66,0,4096,55,7
1789326948.311108,389111,121.9,1797.90625,70,0,4096,88,9
1789326949.3114913,389111,116.0,1827.390625,70,0,4096,92,9
1789326950.3118937,389111,114.0,1934.15234375,70,0,8192,161,11
1789326951.312236,389111,115.0,1953.33984375,70,0,8192,166,11
1789326952.3126075,389111,96.0,2005.16015625,71,0,8192,168,11
1789326953.3129635,389111,100.0,2073.10546875,71,0,8192,168,11
1789326954.313352,389111,165.9,2173.2109375,71,0,8192,168,11
1789326955.313739,389111,162.9,2237.26953125,73,0,8192,168,11
1789326956.3141766,389111,117.9,2237.28515625,73,0,8192,168,11
1789326957.3145957,389111,125.9,2250.67578125,73,0,8192,168,11
1789326958.315119,389111,118.9,2250.6875,73,0,8192,168,11
1789326959.3155122,389111,140.9,2269.66796875,73,0,8192,168,11
1789326960.3160212,389111,113.9,2269.67578125,73,0,8192,168,11
1789326961.316402,389111,195.9,2307.578125,76,0,8192,168,11
1789326962.3168676,389111,121.9,2331.79296875,76,0,8192,168,11
1789326963.3172514,389111,144.9,2351.28515625,76,0,8192,168,11
1789326964.3176665,389111,174.9,2377.65625,76,0,8192,168,11
1789326965.318066,389111,148.9,2399.8984375,76,0,8192,168,11
1789326966.318378,389111,133.0,2400.05078125,76,0,8192,168,11
1789326967.3187675,389111,110.0,2400.2734375,76,0,8192,168,11
1789326968.3191826,389111,179.9,2400.2734375,76,0,8192,168,11
1789326969.3195517,389111,175.9,2403.109375,76,0,8192,168,11
1789326970.3199024,389111,156.9,2403.34375,76,0,8192,168,11
1789326971.3202562,389111,191.9,2403.671875,76,0,8192,168,11
1789326972.3206663,389111,239.9,2403.67578125,76,0,8192,168,11
1789326973.321156,389111,251.9,2403.67578125,76,0,8192,168,11
1789326974.3215775,389111,242.9,2404.78125,75,0,8192,168,11
1789326975.3221002,389111,139.9,2410.26171875,75,0,8192,168,11
1789326976.3224826,389111,102.0,2361.25,75,0,122728448,168,11
1789326977.3230338,389111,138.9,2432.32421875,76,0,122896384,169,11
1789326978.3234286,389111,123.0,2443.41796875,76,0,122896384,169,11
1789326979.323765,389111,139.0,2452.703125,76,0,122896384,169,11
1789326980.324245,389111,157.9,2469.546875,76,0,122896384,169,11
1789326981.3246727,389111,161.9,2496.5390625,76,0,122896384,169,11
1789326982.3251488,389111,148.9,2499.6875,76,0,122896384,169,11
1789326983.325494,389111,121.0,2499.6875,76,0,122896384,169,11
1789326984.3259318,389111,108.0,2499.6875,76,0,122896384,169,11
1789326985.3262942,389111,109.0,2499.6875,76,0,122896384,169,11
1789326986.3267775,389111,121.9,2499.6953125,76,0,122900480,169,11
1789326987.3272126,389111,108.0,2499.69921875,76,0,122900480,169,11
1789326988.3276527,389111,142.9,2509.66796875,75,0,122900480,169,11
1789326989.3280518,389111,118.0,2509.8828125,75,0,122900480,169,11
1789326990.3285015,389111,116.9,2509.88671875,75,0,122900480,169,11
1789326991.328939,389111,100.0,2510.02734375,75,0,122900480,169,11
1789326992.3292916,389111,140.0,2600.85546875,76,0,146751488,170,11
1789326993.3297668,389111,145.9,2606.76171875,75,0,146751488,170,11
1789326994.3302774,389111,107.9,2606.76171875,75,0,146751488,170,11
1789326995.3306868,389111,112.0,2606.76171875,75,0,146751488,170,11
1789326996.3311968,389111,107.9,2606.76171875,75,0,146751488,170,11
1789326997.3316808,389111,109.9,2606.89453125,75,0,146751488,170,11
1789326998.3321848,389111,116.9,2618.58203125,75,0,146751488,170,11
1789326999.33257,389111,118.0,2625.03515625,75,0,146751488,170,11
1789327000.3331287,389111,109.9,2625.1015625,75,0,146751488,170,11
1789327001.3335586,389111,109.0,2625.1015625,75,0,146751488,170,11
1789327002.3340316,389111,107.9,2625.1015625,75,0,146751488,170,11
1789327003.334467,389111,100.0,2648.45703125,76,0,153501696,171,11
1789327004.3349388,389111,171.9,2781.765625,76,0,153501696,171,11
1789327005.3354533,389111,113.9,2781.765625,76,0,153501696,171,11
1789327006.335937,389111,161.9,2781.7421875,75,0,153501696,171,11
1789327007.3364487,389111,109.9,2781.7421875,75,0,153501696,171,11
1789327008.3369205,389111,112.9,2781.7421875,75,0,153501696,171,11
1789327009.3372748,389111,108.0,2781.8203125,75,0,153501696,171,11
1789327010.337654,389111,120.0,2782.9375,75,0,153501696,171,11
1789327011.3382702,389111,108.9,2783.21484375,75,0,153501696,171,11
1789327012.3386707,389111,99.0,2783.21484375,75,0,153501696,171,11
1789327013.3391352,389111,99.0,2783.21484375,75,0,153501696,171,11
1789327014.3395824,389111,96.0,2792.11328125,76,0,165376000,172,11
1789327015.3401368,389111,157.9,2920.16015625,76,0,165376000,172,11
1789327016.3405685,389111,202.9,2937.921875,76,0,165376000,172,11
1789327017.3408387,389111,135.0,2939.0390625,76,0,165376000,172,11
1789327018.3411584,389111,139.0,2939.01953125,75,0,165376000,172,11
1789327019.341487,389111,128.0,2939.01953125,75,0,165376000,172,11
1789327020.3418639,389111,122.0,2939.01953125,75,0,165376000,172,11
1789327021.3421319,389111,148.0,2939.01953125,75,0,165380096,172,11
1789327022.3424392,389111,112.0,2939.01953125,75,0,165380096,172,11
1789327023.3427343,389111,111.0,2939.01953125,75,0,165380096,172,11
1789327024.3431087,389111,113.0,2939.01953125,75,0,165380096,172,11
1789327025.343418,389111,125.0,2939.01953125,75,0,165380096,172,11
1789327026.3437164,389111,121.0,2902.24609375,75,0,165380096,172,11
1789327027.3442025,389111,112.9,2902.24609375,75,0,165380096,172,11
1789327028.3445919,389111,109.0,2902.24609375,75,0,165380096,172,11
1789327029.345094,389111,117.9,2902.24609375,75,0,165380096,172,11
1789327030.345386,389111,109.0,2910.6875,76,0,182177792,173,12
1789327031.3457942,389111,228.9,3025.234375,76,0,182177792,173,12
1789327032.346172,389111,220.9,3021.69140625,75,0,182177792,173,12
1789327033.3465629,389111,115.0,3021.69140625,75,0,182177792,173,12
1789327034.346992,389111,151.9,2991.0234375,76,0,192843776,174,12
1789327035.3473542,389111,177.9,3070.82421875,76,0,192843776,174,12
1789327036.3477287,389111,127.0,3070.82421875,76,0,192847872,174,12
1789327037.3480947,389111,116.0,3070.82421875,76,0,192847872,174,12
1789327038.3483858,389111,123.0,3070.82421875,76,0,192847872,174,12
1789327039.3486853,389111,140.0,3076.37109375,76,0,192847872,174,12
1789327040.3490863,389111,158.9,3125.23046875,76,0,192847872,174,12
1789327041.3493552,389111,119.0,3125.23046875,76,0,192847872,174,12
1789327042.3496523,389111,108.0,3125.23046875,76,0,192847872,174,12
1789327043.3499656,389111,120.0,3125.23046875,76,0,192847872,174,12
1789327044.350347,389111,123.0,3125.25390625,75,0,192847872,174,12
1789327045.3506234,389111,108.0,3125.25390625,75,0,192847872,174,12
1789327046.3511913,389111,108.9,3125.25390625,75,0,192847872,174,12
1789327047.3516994,389111,107.9,3125.25390625,75,0,192847872,174,12
1789327048.3522196,389111,124.9,3125.25390625,75,0,192847872,174,12
1789327049.3526566,389111,113.0,3125.2578125,75,0,192847872,174,12
1789327050.3531277,389111,106.9,3125.2578125,75,0,192847872,174,12
1789327051.353607,389111,106.9,3125.2578125,75,0,192847872,174,12
1789327052.3540401,389111,107.0,3125.2578125,75,0,192847872,174,12
1789327053.3545105,389111,118.9,3125.2578125,75,0,192847872,174,12
1789327054.3549821,389111,108.9,3125.2578125,75,0,192847872,174,12
1789327055.3553753,389111,101.0,3125.2578125,75,0,192847872,174,12
1789327056.3557801,389111,98.0,3125.2578125,75,0,192847872,174,12
1789327057.3561525,389111,100.0,3125.2578125,75,0,192847872,174,12
1789327058.356699,389111,98.9,3125.2578125,75,0,192847872,174,12
1789327059.357097,389111,99.0,3125.2578125,75,0,192847872,174,12
1789327060.3575268,389111,99.0,3125.2578125,75,0,192847872,174,12
1789327061.3579316,389111,121.0,3065.703125,75,0,208781312,175,12
1789327062.3583827,389111,102.0,3065.703125,75,0,208781312,175,12
1789327063.3588204,389111,130.9,3155.9765625,76,0,209698816,176,12
1789327064.3591647,389111,126.0,3167.078125,76,0,209698816,176,12
1789327065.35954,389111,120.0,3167.078125,76,0,209698816,176,12
1789327066.3599436,389111,117.0,3167.078125,76,0,209698816,176,12
1789327067.3604958,389111,113.9,3167.078125,76,0,209698816,176,12
1789327068.3609614,389111,129.9,3167.078125,76,0,209698816,176,12
1789327069.361425,389111,122.9,3167.078125,76,0,209698816,176,12
1789327070.3617244,389111,145.0,3167.078125,76,0,209698816,176,12
1789327071.3622026,389111,146.9,3167.23046875,75,0,209698816,176,12
1789327072.3627064,389111,128.9,3167.23046875,75,0,209698816,176,12
1789327073.3631258,389111,119.9,3167.23046875,75,0,209698816,176,12
1789327074.3635037,389111,128.0,3167.26953125,75,0,209698816,176,12
1789327075.3639395,389111,112.0,3167.3125,75,0,209698816,176,12
1789327076.3643422,389111,118.0,3197.63671875,76,0,218963968,177,12
1789327077.3648787,389111,165.9,3234.375,76,0,218963968,177,12
1789327078.365316,389111,162.9,3246.51171875,76,0,218963968,177,12
1789327079.3657172,389111,137.9,3246.51171875,76,0,218963968,177,12
1789327080.3661747,389111,126.9,3246.48828125,75,0,218963968,177,12
1789327081.366581,389111,108.0,3246.48828125,75,0,218963968,177,12
1789327082.36707,389111,106.9,3246.48828125,75,0,218963968,177,12
1789327083.3673456,389111,113.0,3246.48828125,75,0,218963968,177,12
1789327084.3677232,389111,106.0,3246.48828125,75,0,218963968,177,12
1789327085.3680518,389111,125.0,3246.48828125,75,0,218963968,177,12
1789327086.3683624,389111,119.0,3246.48828125,75,0,218963968,177,12
1789327087.3688662,389111,125.9,3246.48828125,75,0,218963968,177,12
1789327088.3691754,389111,107.0,3246.49609375,75,0,218963968,177,12
1789327089.369605,389111,126.9,3260.66796875,75,0,231407616,178,12
1789327090.3700287,389111,133.9,3260.66796875,75,0,231407616,178,12
1789327091.370404,389111,108.0,3260.66796875,75,0,231407616,178,12
1789327092.370771,389111,109.0,3260.66796875,75,0,231407616,178,12
1789327093.3711288,389111,110.0,3260.66796875,75,0,231407616,178,12
1789327094.371556,389111,129.9,3260.66796875,75,0,231411712,178,12
1789327095.371935,389111,118.0,3329.30859375,76,0,237395968,179,12
1789327096.3724387,389111,168.9,3390.53125,76,0,237395968,179,12
1789327097.3728147,389111,158.9,3390.53125,76,0,237395968,179,12
1789327098.3732936,389111,141.9,3390.5078125,75,0,237395968,179,12
1789327099.3737345,389111,116.9,3390.5078125,75,0,237395968,179,12
1789327100.374238,389111,179.9,3390.51171875,75,0,237395968,179,12
