case,file,pages,seconds,page_errors,degraded
before-ocr-off/c2,2403.01632v4.pdf,47,6.918541717,0,False
before-ocr-off/c2,2410.05779v3.pdf,16,4.694115732,0,False
before-ocr-off/c2,2412.05210v1.pdf,12,8.26630272,0,False
before-ocr-off/c2,2303.18223v16.pdf,144,20.44063156,0,False
before-ocr-off/c2,2604.18583v1.pdf,15,3.363686766,0,False
before-ocr-off/c2,2603.01919v2.pdf,23,7.929356717,0,False
before-ocr-off/c2,2604.21959v1.pdf,3,0.277072986,0,False
before-ocr-off/c2,2604.18584v1.pdf,32,4.605522451,0,False
before-ocr-off/c2,2606.17056v1.pdf,25,4.211427162,0,False
before-ocr-off/c2,2609.04180v1.pdf,23,4.892806301,0,False
before-ocr-off/c2,2609.04184v1.pdf,8,1.194535433,0,False
before-ocr-off/c2,2609.04203v1.pdf,20,3.163709667,0,False
before-ocr-on/c2,2403.01632v4.pdf,47,23.568387989,0,False
before-ocr-on/c2,2303.18223v16.pdf,144,41.305985296,0,False
before-ocr-on/c2,2410.05779v3.pdf,16,22.097813237,0,False
before-ocr-on/c2,2412.05210v1.pdf,12,14.686521927,0,False
before-ocr-on/c2,2603.01919v2.pdf,23,21.008624697,0,False
before-ocr-on/c2,2604.18583v1.pdf,15,13.554059022,0,False
before-ocr-on/c2,2604.21959v1.pdf,3,6.253627886,0,False
before-ocr-on/c2,2604.18584v1.pdf,32,33.852467165,0,False
before-ocr-on/c2,2606.17056v1.pdf,25,26.7420951,0,False
before-ocr-on/c2,2609.04184v1.pdf,8,12.989483279,0,False
before-ocr-on/c2,2609.04180v1.pdf,23,15.425155888,0,False
before-ocr-on/c2,2609.04203v1.pdf,20,6.397428259,0,False
final-ocr-on/c2,2403.01632v4.pdf,47,21.970492885,0,False
final-ocr-on/c2,2303.18223v16.pdf,144,38.705602764,0,False
final-ocr-on/c2,2410.05779v3.pdf,16,19.038484256,0,False
final-ocr-on/c2,2412.05210v1.pdf,12,15.257260551,0,False
final-ocr-on/c2,2603.01919v2.pdf,23,20.262329104,0,False
final-ocr-on/c2,2604.18583v1.pdf,15,7.573092673,0,False
final-ocr-on/c2,2604.21959v1.pdf,3,4.052840713,0,False
final-ocr-on/c2,2606.17056v1.pdf,25,25.230562435,0,False
final-ocr-on/c2,2604.18584v1.pdf,32,32.187395958,0,False
final-ocr-on/c2,2609.04180v1.pdf,23,13.384830196,0,False
final-ocr-on/c2,2609.04184v1.pdf,8,11.003851693,0,False
final-ocr-on/c2,2609.04203v1.pdf,20,6.078346257,0,False
final-ocr-on/c5,2410.05779v3.pdf,16,28.93418035,0,False
final-ocr-on/c5,2412.05210v1.pdf,12,32.169704817,0,False
final-ocr-on/c5,2603.01919v2.pdf,23,48.854036778,0,False
final-ocr-on/c5,2604.18583v1.pdf,15,32.085799538,0,False
final-ocr-on/c5,2403.01632v4.pdf,47,64.267640808,0,False
final-ocr-on/c5,2604.21959v1.pdf,3,16.64323327,0,False
final-ocr-on/c5,2303.18223v16.pdf,144,77.695171663,0,False
final-ocr-on/c5,2604.18584v1.pdf,32,65.037743754,0,False
final-ocr-on/c5,2609.04184v1.pdf,8,38.245309459,0,False
final-ocr-on/c5,2609.04180v1.pdf,23,42.579339179,0,False
final-ocr-on/c5,2606.17056v1.pdf,25,49.062556172,0,False
final-ocr-on/c5,2609.04203v1.pdf,20,32.796044752,0,False
ocr-optimized/c2,2403.01632v4.pdf,47,21.99989364,0,False
ocr-optimized/c2,2303.18223v16.pdf,144,39.114934498,0,False
ocr-optimized/c2,2410.05779v3.pdf,16,19.460682648,0,False
ocr-optimized/c2,2412.05210v1.pdf,12,13.869087909,0,False
ocr-optimized/c2,2603.01919v2.pdf,23,18.476549604,0,False
ocr-optimized/c2,2604.18583v1.pdf,15,14.596376631,0,False
ocr-optimized/c2,2604.21959v1.pdf,3,6.3631786,0,False
ocr-optimized/c2,2604.18584v1.pdf,32,28.897788673,0,False
ocr-optimized/c2,2606.17056v1.pdf,25,21.041965292,0,False
ocr-optimized/c2,2609.04180v1.pdf,23,15.879701571,0,False
ocr-optimized/c2,2609.04184v1.pdf,8,10.18364511,0,False
ocr-optimized/c2,2609.04203v1.pdf,20,6.107102601,0,False
tsr-batch2-experiment/c2,2403.01632v4.pdf,47,6.856175,0,False
tsr-batch2-experiment/c2,2410.05779v3.pdf,16,5.372642209,0,False
tsr-batch2-experiment/c2,2412.05210v1.pdf,12,7.289048715,0,False
tsr-batch2-experiment/c2,2303.18223v16.pdf,144,19.859746377,0,False
tsr-batch2-experiment/c2,2604.18583v1.pdf,15,3.409010783,0,False
tsr-batch2-experiment/c2,2603.01919v2.pdf,23,7.756768613,0,False
tsr-batch2-experiment/c2,2604.21959v1.pdf,3,0.273940244,0,False
tsr-batch2-experiment/c2,2604.18584v1.pdf,32,4.49848259,0,False
tsr-batch2-experiment/c2,2606.17056v1.pdf,25,4.148941041,0,False
tsr-batch2-experiment/c2,2609.04180v1.pdf,23,5.155180085,0,False
tsr-batch2-experiment/c2,2609.04184v1.pdf,8,1.291055934,0,False
tsr-batch2-experiment/c2,2609.04203v1.pdf,20,3.189155535,0,False
tsr4-cell2-experiment/c2,2403.01632v4.pdf,47,6.996238097,0,False
tsr4-cell2-experiment/c2,2410.05779v3.pdf,16,5.276049685,0,False
tsr4-cell2-experiment/c2,2412.05210v1.pdf,12,7.227224186,0,False
tsr4-cell2-experiment/c2,2303.18223v16.pdf,144,19.52973131,0,False
tsr4-cell2-experiment/c2,2604.18583v1.pdf,15,3.458070087,0,False
tsr4-cell2-experiment/c2,2603.01919v2.pdf,23,7.723480506,0,False
tsr4-cell2-experiment/c2,2604.21959v1.pdf,3,0.300264898,0,False
tsr4-cell2-experiment/c2,2604.18584v1.pdf,32,4.624137093,0,False
tsr4-cell2-experiment/c2,2606.17056v1.pdf,25,4.287124393,0,False
tsr4-cell2-experiment/c2,2609.04180v1.pdf,23,5.315644371,0,False
tsr4-cell2-experiment/c2,2609.04184v1.pdf,8,1.309388296,0,False
tsr4-cell2-experiment/c2,2609.04203v1.pdf,20,3.28953387,0,False
