unix_seconds,pid,parent_pid,cpu_percent,rss_mb,threads,read_bytes,write_bytes,voluntary_switches,involuntary_switches
1789390241.0565112,1342744,1342742,,12.76953125,34,0,0,5,2
1789390242.0662968,1342744,1342742,87.1,906.7421875,71,0,4096,35,3
1789390242.0664265,1342778,1342744,,9.65625,1,0,0,2,4
1789390242.066504,1342780,1342744,,13.265625,1,0,0,9,2
1789390242.0665762,1342782,1342744,,36.80859375,1,0,0,6,12
1789390242.066646,1342784,1342744,,9.8046875,1,0,0,2,0
1789390242.0667112,1342786,1342744,,13.04296875,1,0,0,9,3
1789390243.0723722,1342744,1342742,88.5,1629.19921875,71,0,4096,75,5
1789390243.0724626,1342778,1342744,2.0,12.859375,1,0,0,10,5
1789390243.0725176,1342780,1342744,0.0,13.265625,1,0,0,10,2
1789390243.0725665,1342782,1342744,2.0,13.23828125,1,0,0,10,12
1789390243.072617,1342784,1342744,4.0,13.1015625,1,0,0,10,3
1789390243.0726655,1342786,1342744,0.0,13.04296875,1,0,0,10,3
1789390244.0782356,1342744,1342742,107.4,1835.5390625,74,0,4096,111,6
1789390244.078321,1342778,1342744,0.0,12.859375,1,0,0,10,5
1789390244.078375,1342780,1342744,4.0,13.265625,1,0,0,18,2
1789390244.0784256,1342782,1342744,0.0,13.23828125,1,0,0,10,12
1789390244.078475,1342784,1342744,0.0,13.1015625,1,0,0,10,3
1789390244.0785239,1342786,1342744,0.0,13.04296875,1,0,0,10,3
1789390245.0839527,1342744,1342742,132.2,1924.4453125,74,0,4096,115,6
1789390245.0840278,1342778,1342744,0.0,12.859375,1,0,0,10,5
1789390245.0840755,1342780,1342744,0.0,13.265625,1,0,0,18,2
1789390245.0841205,1342782,1342744,0.0,13.23828125,1,0,0,10,12
1789390245.0841618,1342784,1342744,0.0,13.1015625,1,0,0,10,3
1789390245.0842025,1342786,1342744,0.0,13.04296875,1,0,0,10,3
1789390246.0895655,1342744,1342742,99.4,1924.71875,74,0,8192,161,6
1789390246.0896473,1342778,1342744,0.0,12.859375,1,0,0,10,5
1789390246.0897007,1342780,1342744,0.0,13.265625,1,0,0,18,2
1789390246.0897484,1342782,1342744,0.0,13.23828125,1,0,0,10,12
1789390246.0897932,1342784,1342744,0.0,13.1015625,1,0,0,10,3
1789390246.0898366,1342786,1342744,0.0,13.04296875,1,0,0,10,3
1789390247.0953615,1342744,1342742,124.3,1938.0546875,74,0,8192,177,6
1789390247.095447,1342778,1342744,0.0,12.859375,1,0,0,10,5
1789390247.0955017,1342780,1342744,0.0,13.265625,1,0,0,18,2
1789390247.0955527,1342782,1342744,0.0,13.23828125,1,0,0,10,12
1789390247.0956008,1342784,1342744,0.0,13.1015625,1,0,0,10,3
1789390247.0956464,1342786,1342744,4.0,13.04296875,1,0,0,18,3
1789390248.1063287,1342744,1342742,77.2,1954.16796875,74,0,8192,181,6
1789390248.1064854,1342778,1342744,0.0,12.859375,1,0,0,10,5
1789390248.1066055,1342780,1342744,0.0,13.265625,1,0,0,18,2
1789390248.1067212,1342782,1342744,35.6,29.6328125,1,0,0,90,15
1789390248.1068344,1342784,1342744,34.6,24.96875,1,0,0,110,5
1789390248.1069522,1342786,1342744,0.0,13.04296875,1,0,0,18,3
1789390249.1129336,1342744,1342742,157.0,2103.75390625,76,0,8192,181,6
1789390249.1130226,1342778,1342744,0.0,12.859375,1,0,0,10,5
1789390249.1130805,1342780,1342744,0.0,13.265625,1,0,0,18,2
1789390249.1131318,1342782,1342744,81.5,42.77734375,1,0,0,251,50
1789390249.1131809,1342784,1342744,31.8,22.2109375,1,0,0,145,13
1789390249.11323,1342786,1342744,0.0,13.04296875,1,0,0,18,3
1789390250.1233947,1342744,1342742,166.3,2194.0859375,78,0,8192,181,6
1789390250.123543,1342778,1342744,0.0,12.859375,1,0,0,10,5
1789390250.123658,1342780,1342744,0.0,13.265625,1,0,0,18,2
1789390250.1237674,1342782,1342744,72.2,50.96484375,1,0,0,509,91
1789390250.1238832,1342784,1342744,6.9,22.2109375,1,0,0,149,22
1789390250.1239908,1342786,1342744,0.0,13.04296875,1,0,0,18,3
1789390251.1292753,1342744,1342742,165.0,2321.8125,78,0,8192,181,6
1789390251.1293538,1342778,1342744,0.0,12.859375,1,0,0,10,5
1789390251.129405,1342780,1342744,0.0,13.265625,1,0,0,18,2
1789390251.1294525,1342782,1342744,58.7,77.1015625,1,0,0,663,126
1789390251.1294987,1342784,1342744,0.0,22.2109375,1,0,0,149,22
1789390251.1295438,1342786,1342744,0.0,13.04296875,1,0,0,18,3
1789390252.1362357,1342744,1342742,156.9,2352.06640625,78,0,8192,181,6
1789390252.1363246,1342778,1342744,0.0,12.859375,1,0,0,10,5
1789390252.1363826,1342780,1342744,0.0,13.265625,1,0,0,18,2
1789390252.136436,1342782,1342744,19.9,77.1015625,1,0,0,673,136
1789390252.1364877,1342784,1342744,0.0,22.2109375,1,0,0,149,22
1789390252.1365368,1342786,1342744,0.0,13.04296875,1,0,0,18,3
1789390253.1419032,1342744,1342742,163.1,2380.21875,78,0,8192,181,6
1789390253.1419837,1342778,1342744,0.0,12.859375,1,0,0,10,5
1789390253.142036,1342780,1342744,0.0,13.265625,1,0,0,18,2
1789390253.1420832,1342782,1342744,0.0,77.1015625,1,0,0,673,136
1789390253.1421282,1342784,1342744,11.9,22.2109375,1,0,0,157,29
1789390253.1421733,1342786,1342744,0.0,13.04296875,1,0,0,18,3
1789390254.148063,1342744,1342742,171.9,2414.65234375,78,0,8192,181,6
1789390254.1481478,1342778,1342744,0.0,12.859375,1,0,0,10,5
1789390254.148203,1342780,1342744,0.0,13.265625,1,0,0,18,2
1789390254.1482544,1342782,1342744,0.0,77.1015625,1,0,0,673,136
1789390254.1483042,1342784,1342744,18.9,50.890625,1,0,0,169,36
1789390254.148352,1342786,1342744,0.0,13.04296875,1,0,0,18,3
1789390255.1583045,1342744,1342742,139.6,2420.28515625,78,0,8192,181,6
1789390255.1584444,1342778,1342744,0.0,12.859375,1,0,0,10,5
1789390255.1585498,1342780,1342744,0.0,13.265625,1,0,0,18,2
1789390255.1586509,1342782,1342744,0.0,77.1015625,1,0,0,673,136
1789390255.1587503,1342784,1342744,2.0,50.890625,1,0,0,170,36
1789390255.1588488,1342786,1342744,0.0,13.04296875,1,0,0,18,3
1789390256.164732,1342744,1342742,137.1,2420.29296875,78,0,8192,181,6
1789390256.1648223,1342778,1342744,0.0,12.859375,1,0,0,10,5
1789390256.1648822,1342780,1342744,0.0,13.265625,1,0,0,18,2
1789390256.1649349,1342782,1342744,0.0,77.1015625,1,0,0,673,136
1789390256.1649866,1342784,1342744,0.0,50.890625,1,0,0,170,36
1789390256.1650374,1342786,1342744,0.0,13.04296875,1,0,0,18,3
1789390257.1710203,1342744,1342742,140.1,2420.30078125,78,0,8192,181,6
1789390257.1711087,1342778,1342744,0.0,12.859375,1,0,0,10,5
1789390257.1711655,1342780,1342744,0.0,13.265625,1,0,0,18,2
1789390257.1712189,1342782,1342744,2.0,77.1015625,1,0,0,675,136
1789390257.1712685,1342784,1342744,0.0,50.890625,1,0,0,170,36
1789390257.1713164,1342786,1342744,0.0,13.04296875,1,0,0,18,3
1789390258.1771479,1342744,1342742,131.2,2420.30078125,78,0,8192,181,6
1789390258.1772401,1342778,1342744,0.0,12.859375,1,0,0,10,5
1789390258.1772995,1342780,1342744,0.0,13.265625,1,0,0,18,2
1789390258.1773531,1342782,1342744,0.0,77.1015625,1,0,0,675,136
1789390258.1774063,1342784,1342744,0.0,50.890625,1,0,0,170,36
1789390258.177459,1342786,1342744,0.0,13.04296875,1,0,0,18,3
1789390259.1830869,1342744,1342742,149.1,2428.36328125,78,0,8192,181,6
1789390259.1831753,1342778,1342744,0.0,12.859375,1,0,0,10,5
1789390259.1832316,1342780,1342744,0.0,13.265625,1,0,0,18,2
1789390259.1832826,1342782,1342744,6.0,77.1015625,1,0,0,679,136
1789390259.1833336,1342784,1342744,0.0,50.890625,1,0,0,170,36
1789390259.1833813,1342786,1342744,0.0,13.04296875,1,0,0,18,3
1789390260.1916888,1342744,1342742,158.6,2440.71875,78,0,8192,181,6
1789390260.1917882,1342778,1342744,0.0,12.859375,1,0,0,10,5
1789390260.191857,1342780,1342744,0.0,13.265625,1,0,0,18,2
1789390260.1919148,1342782,1342744,5.0,77.1015625,1,0,0,682,140
1789390260.1919699,1342784,1342744,0.0,50.890625,1,0,0,170,36
1789390260.1920238,1342786,1342744,0.0,13.04296875,1,0,0,18,3
1789390261.197799,1342744,1342742,150.1,2440.72265625,78,0,8192,181,6
1789390261.1978865,1342778,1342744,0.0,12.859375,1,0,0,10,5
1789390261.1979413,1342780,1342744,0.0,13.265625,1,0,0,18,2
1789390261.1979914,1342782,1342744,8.0,77.1015625,1,0,0,687,178
1789390261.19804,1342784,1342744,0.0,50.890625,1,0,0,170,36
1789390261.1980884,1342786,1342744,0.0,13.04296875,1,0,0,18,3
1789390262.20375,1342744,1342742,137.2,2446.27734375,78,0,8192,181,6
1789390262.2038362,1342778,1342744,0.0,12.859375,1,0,0,10,5
1789390262.203894,1342780,1342744,0.0,13.265625,1,0,0,18,2
1789390262.2039464,1342782,1342744,0.0,77.1015625,1,0,0,687,178
1789390262.2039967,1342784,1342744,2.0,50.890625,1,0,0,172,37
1789390262.2040474,1342786,1342744,0.0,13.04296875,1,0,0,18,3
1789390263.2096748,1342744,1342742,114.3,2446.28125,78,0,8192,181,6
1789390263.2097616,1342778,1342744,0.0,12.859375,1,0,0,10,5
1789390263.2098184,1342780,1342744,0.0,13.265625,1,0,0,18,2
1789390263.2098744,1342782,1342744,0.0,77.1015625,1,0,0,687,178
1789390263.2099237,1342784,1342744,0.0,50.890625,1,0,0,172,37
1789390263.2099721,1342786,1342744,0.0,13.04296875,1,0,0,18,3
1789390264.2152984,1342744,1342742,127.3,2452.30078125,78,0,8192,181,6
1789390264.2153788,1342778,1342744,0.0,12.859375,1,0,0,10,5
1789390264.215428,1342780,1342744,0.0,13.265625,1,0,0,18,2
1789390264.215474,1342782,1342744,0.0,77.1015625,1,0,0,687,178
1789390264.2155178,1342784,1342744,1.0,50.890625,1,0,0,173,37
1789390264.2155612,1342786,1342744,0.0,13.04296875,1,0,0,18,3
1789390265.2210143,1342744,1342742,139.2,2468.71875,79,0,8192,181,6
1789390265.2210968,1342778,1342744,0.0,12.859375,1,0,0,10,5
1789390265.2211494,1342780,1342744,0.0,13.265625,1,0,0,18,2
1789390265.2211986,1342782,1342744,0.0,77.1015625,1,0,0,687,178
1789390265.2212443,1342784,1342744,4.0,50.890625,1,0,0,178,37
1789390265.2212906,1342786,1342744,0.0,13.04296875,1,0,0,18,3
1789390266.2269485,1342744,1342742,131.2,2468.72265625,79,0,8192,181,6
1789390266.227035,1342778,1342744,0.0,12.859375,1,0,0,10,5
1789390266.2270923,1342780,1342744,0.0,13.265625,1,0,0,18,2
1789390266.2271435,1342782,1342744,0.0,77.1015625,1,0,0,687,178
1789390266.2271924,1342784,1342744,0.0,50.890625,1,0,0,178,37
1789390266.227239,1342786,1342744,0.0,13.04296875,1,0,0,18,3
1789390267.2324576,1342744,1342742,160.1,2475.94140625,80,0,8192,181,6
1789390267.2325342,1342778,1342744,0.0,12.859375,1,0,0,10,5
1789390267.2325838,1342780,1342744,0.0,13.265625,1,0,0,18,2
1789390267.232629,1342782,1342744,5.0,77.1015625,1,0,0,691,194
1789390267.232672,1342784,1342744,0.0,50.890625,1,0,0,178,37
1789390267.2327137,1342786,1342744,0.0,13.04296875,1,0,0,18,3
1789390268.2380471,1342744,1342742,132.3,2475.98046875,80,0,8192,181,6
1789390268.238129,1342778,1342744,0.0,12.859375,1,0,0,10,5
1789390268.2381814,1342780,1342744,0.0,13.265625,1,0,0,18,2
1789390268.2382293,1342782,1342744,6.0,77.1015625,1,0,0,695,212
1789390268.2382755,1342784,1342744,0.0,50.890625,1,0,0,178,37
1789390268.2383192,1342786,1342744,0.0,13.04296875,1,0,0,18,3
1789390269.2436724,1342744,1342742,166.1,2499.02734375,80,0,8192,181,6
1789390269.2437532,1342778,1342744,0.0,12.859375,1,0,0,10,5
1789390269.2438047,1342780,1342744,0.0,13.265625,1,0,0,18,2
1789390269.2438548,1342782,1342744,12.9,77.1015625,1,0,0,704,220
1789390269.2439003,1342784,1342744,0.0,50.890625,1,0,0,178,37
1789390269.2439442,1342786,1342744,0.0,13.04296875,1,0,0,18,3
1789390270.249901,1342744,1342742,181.9,2506.8984375,80,0,8192,181,6
1789390270.2499835,1342778,1342744,0.0,12.859375,1,0,0,10,5
1789390270.2500355,1342780,1342744,0.0,13.265625,1,0,0,18,2
1789390270.2500849,1342782,1342744,4.0,77.1015625,1,0,0,707,222
1789390270.2501328,1342784,1342744,0.0,50.890625,1,0,0,178,37
1789390270.250179,1342786,1342744,0.0,13.04296875,1,0,0,18,3
1789390271.2552729,1342744,1342742,132.3,2506.8984375,80,0,8192,181,6
1789390271.2553504,1342778,1342744,0.0,12.859375,1,0,0,10,5
1789390271.255398,1342780,1342744,0.0,13.265625,1,0,0,18,2
1789390271.255441,1342782,1342744,3.0,77.1015625,1,0,0,709,223
1789390271.2554822,1342784,1342744,0.0,50.890625,1,0,0,178,37
1789390271.255523,1342786,1342744,0.0,13.04296875,1,0,0,18,3
1789390272.2613914,1342744,1342742,127.2,2506.90234375,80,0,8192,181,6
1789390272.2614853,1342778,1342744,0.0,12.859375,1,0,0,10,5
1789390272.2615452,1342780,1342744,0.0,13.265625,1,0,0,18,2
1789390272.2616007,1342782,1342744,0.0,77.1015625,1,0,0,709,223
1789390272.261654,1342784,1342744,0.0,50.890625,1,0,0,178,37
1789390272.261705,1342786,1342744,0.0,13.04296875,1,0,0,18,3
1789390273.2715755,1342744,1342742,116.8,2489.703125,80,0,8192,181,6
1789390273.2717197,1342778,1342744,0.0,12.859375,1,0,0,10,5
1789390273.2718732,1342780,1342744,0.0,13.265625,1,0,0,18,2
1789390273.2719808,1342782,1342744,0.0,77.1015625,1,0,0,709,223
1789390273.2720857,1342784,1342744,0.0,50.890625,1,0,0,178,37
1789390273.2721875,1342786,1342744,0.0,13.04296875,1,0,0,18,3
1789390274.2817616,1342744,1342742,159.4,2497.12890625,80,0,23859200,182,6
1789390274.281909,1342778,1342744,28.7,24.47265625,1,0,0,55,27
1789390274.2820194,1342780,1342744,0.0,13.265625,1,0,0,18,2
1789390274.2821248,1342782,1342744,0.0,77.1015625,1,0,0,709,223
1789390274.2822275,1342784,1342744,0.0,50.890625,1,0,0,178,37
1789390274.2823284,1342786,1342744,0.0,13.04296875,1,0,0,18,3
1789390275.2888355,1342744,1342742,159.9,2498.90234375,80,0,23859200,182,6
1789390275.288939,1342778,1342744,10.9,24.47265625,1,0,0,61,35
1789390275.289002,1342780,1342744,0.0,13.265625,1,0,0,18,2
1789390275.2890608,1342782,1342744,3.0,77.1015625,1,0,0,710,223
1789390275.2891185,1342784,1342744,0.0,50.890625,1,0,0,178,37
1789390275.2891717,1342786,1342744,0.0,13.04296875,1,0,0,18,3
1789390276.2946355,1342744,1342742,146.2,2499.48046875,80,0,23859200,182,6
1789390276.2947183,1342778,1342744,0.0,24.47265625,1,0,0,61,35
1789390276.2947712,1342780,1342744,0.0,13.265625,1,0,0,18,2
1789390276.2948205,1342782,1342744,5.0,77.1015625,1,0,0,715,224
1789390276.29487,1342784,1342744,0.0,50.890625,1,0,0,178,37
1789390276.2949142,1342786,1342744,0.0,13.04296875,1,0,0,18,3
1789390277.300846,1342744,1342742,154.0,2518.66015625,80,0,23859200,182,6
1789390277.3009405,1342778,1342744,0.0,24.47265625,1,0,0,61,35
1789390277.300997,1342780,1342744,0.0,13.265625,1,0,0,18,2
1789390277.3010478,1342782,1342744,8.9,77.1015625,1,0,0,721,226
1789390277.301099,1342784,1342744,0.0,50.890625,1,0,0,178,37
1789390277.301148,1342786,1342744,0.0,13.04296875,1,0,0,18,3
1789390278.306681,1342744,1342742,155.1,2518.671875,80,0,23859200,182,6
1789390278.3067694,1342778,1342744,0.0,24.47265625,1,0,0,61,35
1789390278.3068268,1342780,1342744,0.0,13.265625,1,0,0,18,2
1789390278.3068824,1342782,1342744,8.0,77.1015625,1,0,0,727,227
1789390278.3069358,1342784,1342744,0.0,50.890625,1,0,0,178,37
1789390278.3069854,1342786,1342744,0.0,13.04296875,1,0,0,18,3
1789390279.3120215,1342744,1342742,158.2,2525.5546875,80,0,23859200,182,6
1789390279.3120983,1342778,1342744,0.0,24.47265625,1,0,0,61,35
1789390279.312147,1342780,1342744,0.0,13.265625,1,0,0,18,2
1789390279.312192,1342782,1342744,6.0,77.1015625,1,0,0,732,230
1789390279.3122358,1342784,1342744,0.0,50.890625,1,0,0,178,37
1789390279.312277,1342786,1342744,0.0,13.04296875,1,0,0,18,3
1789390280.3287556,1342744,1342742,175.1,2529.3046875,80,0,23859200,182,6
1789390280.3289485,1342778,1342744,0.0,24.47265625,1,0,0,61,35
1789390280.3290713,1342780,1342744,0.0,13.265625,1,0,0,18,2
1789390280.3291817,1342782,1342744,20.6,77.1015625,1,0,0,746,267
1789390280.3292897,1342784,1342744,0.0,50.890625,1,0,0,178,37
1789390280.3293939,1342786,1342744,0.0,13.04296875,1,0,0,18,3
1789390281.334963,1342744,1342742,122.2,2525.5546875,80,0,23859200,182,6
1789390281.3350444,1342778,1342744,0.0,24.47265625,1,0,0,61,35
1789390281.3350961,1342780,1342744,0.0,13.265625,1,0,0,18,2
1789390281.3351436,1342782,1342744,5.0,77.1015625,1,0,0,749,269
1789390281.3351905,1342784,1342744,0.0,50.890625,1,0,0,178,37
1789390281.3352346,1342786,1342744,0.0,13.04296875,1,0,0,18,3
1789390282.3410776,1342744,1342742,133.2,2543.56640625,80,0,23859200,182,6
1789390282.341163,1342778,1342744,0.0,24.47265625,1,0,0,61,35
1789390282.341217,1342780,1342744,0.0,13.265625,1,0,0,18,2
1789390282.341266,1342782,1342744,0.0,77.1015625,1,0,0,749,269
1789390282.3413136,1342784,1342744,0.0,50.890625,1,0,0,178,37
1789390282.3413587,1342786,1342744,0.0,13.04296875,1,0,0,18,3
1789390283.3478026,1342744,1342742,125.2,2543.5703125,80,0,23859200,182,6
1789390283.3479576,1342778,1342744,0.0,24.47265625,1,0,0,61,35
1789390283.3480706,1342780,1342744,0.0,13.265625,1,0,0,18,2
1789390283.348177,1342782,1342744,0.0,77.1015625,1,0,0,749,269
1789390283.348281,1342784,1342744,0.0,50.890625,1,0,0,178,37
1789390283.3483822,1342786,1342744,0.0,13.04296875,1,0,0,18,3
1789390284.3543868,1342744,1342742,119.2,2543.5703125,80,0,23859200,182,6
1789390284.3544788,1342778,1342744,0.0,24.47265625,1,0,0,61,35
1789390284.354539,1342780,1342744,0.0,13.265625,1,0,0,18,2
1789390284.3545933,1342782,1342744,0.0,77.1015625,1,0,0,749,269
1789390284.3546455,1342784,1342744,0.0,50.890625,1,0,0,178,37
1789390284.3546948,1342786,1342744,0.0,13.04296875,1,0,0,18,3
1789390285.364647,1342744,1342742,116.8,2543.578125,80,0,23859200,182,6
1789390285.3647976,1342778,1342744,0.0,24.47265625,1,0,0,61,35
1789390285.3649175,1342780,1342744,0.0,13.265625,1,0,0,18,2
1789390285.3650281,1342782,1342744,0.0,77.1015625,1,0,0,749,269
1789390285.36514,1342784,1342744,0.0,50.890625,1,0,0,178,37
1789390285.3652456,1342786,1342744,0.0,13.04296875,1,0,0,18,3
1789390286.3704643,1342744,1342742,126.3,2659.58203125,80,0,23859200,182,6
1789390286.3705416,1342778,1342744,0.0,24.47265625,1,0,0,61,35
1789390286.370592,1342780,1342744,0.0,13.265625,1,0,0,18,2
1789390286.370636,1342782,1342744,0.0,77.1015625,1,0,0,749,269
1789390286.370678,1342784,1342744,0.0,50.890625,1,0,0,178,37
1789390286.3707182,1342786,1342744,0.0,13.04296875,1,0,0,18,3
1789390287.3778768,1342744,1342742,184.6,2661.375,80,0,23863296,182,6
1789390287.3779812,1342778,1342744,0.0,24.47265625,1,0,0,61,35
1789390287.3780446,1342780,1342744,0.0,13.265625,1,0,0,18,2
1789390287.3781013,1342782,1342744,9.9,77.1015625,1,0,0,757,308
1789390287.378157,1342784,1342744,0.0,50.890625,1,0,0,178,37
1789390287.3782108,1342786,1342744,0.0,13.04296875,1,0,0,18,3
1789390288.3846612,1342744,1342742,237.4,2661.37890625,80,0,23863296,182,6
1789390288.3847642,1342778,1342744,0.0,24.47265625,1,0,0,61,35
1789390288.3848343,1342780,1342744,0.0,13.265625,1,0,0,18,2
1789390288.3849118,1342782,1342744,11.9,77.1015625,1,0,0,766,310
1789390288.3849728,1342784,1342744,0.0,50.890625,1,0,0,178,37
1789390288.3850315,1342786,1342744,0.0,13.04296875,1,0,0,18,3
1789390289.3908727,1342744,1342742,244.5,2661.37890625,80,0,23863296,182,6
1789390289.3909607,1342778,1342744,0.0,24.47265625,1,0,0,61,35
1789390289.3910189,1342780,1342744,0.0,13.265625,1,0,0,18,2
1789390289.3910713,1342782,1342744,15.9,77.1015625,1,0,0,778,333
1789390289.3911235,1342784,1342744,0.0,50.890625,1,0,0,178,37
1789390289.391171,1342786,1342744,0.0,13.04296875,1,0,0,18,3
1789390290.398474,1342744,1342742,271.9,2661.37890625,80,0,23863296,182,6
1789390290.398578,1342778,1342744,0.0,24.47265625,1,0,0,61,35
1789390290.3986442,1342780,1342744,0.0,13.265625,1,0,0,18,2
1789390290.3987062,1342782,1342744,18.9,80.2265625,1,0,0,791,346
1789390290.398766,1342784,1342744,0.0,50.890625,1,0,0,178,37
1789390290.3988223,1342786,1342744,0.0,13.04296875,1,0,0,18,3
1789390291.4040098,1342744,1342742,204.9,2670.4609375,80,0,23863296,182,6
1789390291.404141,1342778,1342744,0.0,24.47265625,1,0,0,61,35
1789390291.4041975,1342780,1342744,0.0,13.265625,1,0,0,18,2
1789390291.4042428,1342782,1342744,3.0,77.1015625,1,0,0,794,350
1789390291.4042869,1342784,1342744,0.0,50.890625,1,0,0,178,37
1789390291.4043303,1342786,1342744,0.0,13.04296875,1,0,0,18,3
1789390292.410173,1342744,1342742,109.3,2670.46484375,80,0,23863296,182,6
1789390292.4102626,1342778,1342744,0.0,24.47265625,1,0,0,61,35
1789390292.4103193,1342780,1342744,0.0,13.265625,1,0,0,18,2
1789390292.4103713,1342782,1342744,0.0,77.1015625,1,0,0,794,350
1789390292.4104207,1342784,1342744,0.0,50.890625,1,0,0,178,37
1789390292.4104686,1342786,1342744,0.0,13.04296875,1,0,0,18,3
1789390293.4156232,1342744,1342742,124.3,2667.015625,80,0,23863296,182,6
1789390293.4157116,1342778,1342744,0.0,24.47265625,1,0,0,61,35
1789390293.4157677,1342780,1342744,0.0,13.265625,1,0,0,18,2
1789390293.415819,1342782,1342744,0.0,77.1015625,1,0,0,794,350
1789390293.41587,1342784,1342744,0.0,50.890625,1,0,0,178,37
1789390293.415918,1342786,1342744,0.0,13.04296875,1,0,0,18,3
1789390294.4210584,1342744,1342742,163.1,2669.0,80,0,146751488,184,6
1789390294.42115,1342778,1342744,0.0,24.47265625,1,0,0,61,35
1789390294.421202,1342780,1342744,44.8,67.42578125,1,0,0,87,58
1789390294.4212506,1342782,1342744,0.0,77.1015625,1,0,0,794,350
1789390294.4212961,1342784,1342744,0.0,50.890625,1,0,0,178,37
1789390294.4213417,1342786,1342744,0.0,13.04296875,1,0,0,18,3
1789390295.4313412,1342744,1342742,136.6,2670.41015625,80,0,146751488,184,6
1789390295.4314241,1342778,1342744,0.0,24.47265625,1,0,0,61,35
1789390295.4314756,1342780,1342744,2.0,67.42578125,1,0,0,89,58
1789390295.4315212,1342782,1342744,0.0,77.1015625,1,0,0,794,350
1789390295.4315658,1342784,1342744,0.0,50.890625,1,0,0,178,37
1789390295.4316094,1342786,1342744,0.0,13.04296875,1,0,0,18,3
1789390296.437417,1342744,1342742,126.2,2670.4140625,80,0,146751488,184,6
1789390296.4375126,1342778,1342744,0.0,24.47265625,1,0,0,61,35
1789390296.4375737,1342780,1342744,0.0,67.42578125,1,0,0,89,58
1789390296.4376276,1342782,1342744,0.0,77.1015625,1,0,0,794,350
1789390296.4376807,1342784,1342744,0.0,50.890625,1,0,0,178,37
1789390296.4377313,1342786,1342744,0.0,13.04296875,1,0,0,18,3
1789390297.4434347,1342744,1342742,116.3,2710.77734375,80,0,153550848,185,6
1789390297.4435225,1342778,1342744,0.0,24.47265625,1,0,0,61,35
1789390297.4435792,1342780,1342744,0.0,67.42578125,1,0,0,89,58
1789390297.4436314,1342782,1342744,0.0,77.1015625,1,0,0,794,350
1789390297.4436815,1342784,1342744,0.0,50.890625,1,0,0,178,37
1789390297.44373,1342786,1342744,9.9,31.6484375,1,0,0,42,4
1789390298.4503088,1342744,1342742,213.5,2721.04296875,80,0,153550848,185,6
1789390298.4504013,1342778,1342744,0.0,24.47265625,1,0,0,61,35
1789390298.4504569,1342780,1342744,1.0,67.42578125,1,0,0,90,58
1789390298.4505062,1342782,1342744,0.0,77.1015625,1,0,0,794,350
1789390298.4505548,1342784,1342744,0.0,50.890625,1,0,0,178,37
1789390298.4506023,1342786,1342744,52.6,90.6875,1,0,0,105,48
1789390299.4562123,1342744,1342742,133.2,2736.73828125,80,0,153550848,185,6
1789390299.4562976,1342778,1342744,0.0,24.47265625,1,0,0,61,35
1789390299.4563532,1342780,1342744,0.0,67.42578125,1,0,0,90,58
1789390299.4564033,1342782,1342744,0.0,77.1015625,1,0,0,794,350
1789390299.4564526,1342784,1342744,0.0,50.890625,1,0,0,178,37
1789390299.4565,1342786,1342744,2.0,90.6875,1,0,0,107,48
1789390300.4617565,1342744,1342742,141.2,2736.7421875,80,0,153550848,185,6
1789390300.4618342,1342778,1342744,0.0,24.47265625,1,0,0,61,35
1789390300.4618847,1342780,1342744,0.0,67.42578125,1,0,0,90,58
1789390300.4619284,1342782,1342744,0.0,77.1015625,1,0,0,794,350
1789390300.4619722,1342784,1342744,0.0,50.890625,1,0,0,178,37
1789390300.4620275,1342786,1342744,0.0,90.6875,1,0,0,107,48
1789390301.46751,1342744,1342742,189.9,2741.08203125,80,0,153550848,185,6
1789390301.4675949,1342778,1342744,0.0,24.47265625,1,0,0,61,35
1789390301.4676495,1342780,1342744,0.0,67.42578125,1,0,0,90,58
1789390301.4676983,1342782,1342744,0.0,77.1015625,1,0,0,794,350
1789390301.467747,1342784,1342744,0.0,50.890625,1,0,0,178,37
1789390301.467795,1342786,1342744,37.8,101.52734375,1,0,0,115,52
1789390302.4735775,1342744,1342742,135.2,2741.08203125,80,0,153550848,185,6
1789390302.4736676,1342778,1342744,0.0,24.47265625,1,0,0,61,35
1789390302.4737265,1342780,1342744,0.0,67.42578125,1,0,0,90,58
1789390302.4737797,1342782,1342744,0.0,77.1015625,1,0,0,794,350
1789390302.4738297,1342784,1342744,0.0,50.890625,1,0,0,178,37
1789390302.4738824,1342786,1342744,4.0,101.52734375,1,0,0,116,52
1789390303.479573,1342744,1342742,122.3,2741.08203125,80,0,153550848,185,6
1789390303.4796598,1342778,1342744,0.0,24.47265625,1,0,0,61,35
1789390303.4797168,1342780,1342744,0.0,67.42578125,1,0,0,90,58
1789390303.4797683,1342782,1342744,0.0,77.1015625,1,0,0,794,350
1789390303.4798186,1342784,1342744,0.0,50.890625,1,0,0,178,37
1789390303.4798717,1342786,1342744,0.0,101.52734375,1,0,0,116,52
1789390304.4855115,1342744,1342742,122.3,2748.921875,80,0,153550848,185,6
1789390304.4856002,1342778,1342744,0.0,24.47265625,1,0,0,61,35
1789390304.4856598,1342780,1342744,0.0,67.42578125,1,0,0,90,58
1789390304.4857142,1342782,1342744,0.0,77.1015625,1,0,0,794,350
1789390304.4857652,1342784,1342744,0.0,50.890625,1,0,0,178,37
1789390304.4858155,1342786,1342744,0.0,101.52734375,1,0,0,116,52
1789390305.4910192,1342744,1342742,138.2,2748.921875,80,0,153550848,185,6
1789390305.4911013,1342778,1342744,0.0,24.47265625,1,0,0,61,35
1789390305.4911547,1342780,1342744,0.0,67.42578125,1,0,0,90,58
1789390305.4912028,1342782,1342744,0.0,77.1015625,1,0,0,794,350
1789390305.4912488,1342784,1342744,0.0,50.890625,1,0,0,178,37
1789390305.4912949,1342786,1342744,0.0,101.52734375,1,0,0,116,52
1789390306.4969265,1342744,1342742,147.1,2748.921875,80,0,153550848,185,6
1789390306.4970114,1342778,1342744,0.0,24.47265625,1,0,0,61,35
1789390306.4970672,1342780,1342744,0.0,67.42578125,1,0,0,90,58
1789390306.4971163,1342782,1342744,0.0,77.1015625,1,0,0,794,350
1789390306.4971626,1342784,1342744,0.0,50.890625,1,0,0,178,37
1789390306.4972088,1342786,1342744,2.0,101.52734375,1,0,0,117,52
1789390307.502319,1342744,1342742,135.3,2748.921875,80,0,153550848,185,6
1789390307.5023997,1342778,1342744,0.0,24.47265625,1,0,0,61,35
1789390307.5024505,1342780,1342744,0.0,67.42578125,1,0,0,90,58
1789390307.5024967,1342782,1342744,0.0,77.1015625,1,0,0,794,350
1789390307.5025413,1342784,1342744,0.0,50.890625,1,0,0,178,37
1789390307.5025833,1342786,1342744,0.0,101.52734375,1,0,0,117,52
1789390308.5082097,1342744,1342742,121.3,2748.921875,80,0,153550848,185,6
1789390308.508297,1342778,1342744,0.0,24.47265625,1,0,0,61,35
1789390308.5083528,1342780,1342744,0.0,67.42578125,1,0,0,90,58
1789390308.5084047,1342782,1342744,0.0,77.1015625,1,0,0,794,350
1789390308.5084546,1342784,1342744,0.0,50.890625,1,0,0,178,37
1789390308.5085034,1342786,1342744,0.0,101.52734375,1,0,0,117,52
1789390309.513804,1342744,1342742,145.2,2748.921875,80,0,153550848,185,6
1789390309.513887,1342778,1342744,0.0,24.47265625,1,0,0,61,35
1789390309.5139356,1342780,1342744,0.0,67.42578125,1,0,0,90,58
1789390309.51398,1342782,1342744,0.0,77.1015625,1,0,0,794,350
1789390309.5140235,1342784,1342744,0.0,50.890625,1,0,0,178,37
1789390309.5140655,1342786,1342744,0.0,93.2890625,1,0,0,118,53
1789390310.5195122,1342744,1342742,160.1,2753.5859375,80,0,165392384,186,6
1789390310.5195982,1342778,1342744,0.0,24.47265625,1,0,0,61,35
1789390310.519656,1342780,1342744,0.0,67.42578125,1,0,0,90,58
1789390310.519707,1342782,1342744,0.0,77.1015625,1,0,0,794,350
1789390310.5197558,1342784,1342744,34.8,65.01171875,1,0,0,237,43
1789390310.5198045,1342786,1342744,0.0,93.2890625,1,0,0,118,53
1789390311.5262327,1342744,1342742,152.0,2754.5234375,80,0,165392384,186,6
1789390311.5263236,1342778,1342744,0.0,24.47265625,1,0,0,61,35
1789390311.5263805,1342780,1342744,0.0,67.42578125,1,0,0,90,58
1789390311.5264297,1342782,1342744,0.0,77.1015625,1,0,0,794,350
1789390311.5264785,1342784,1342744,99.3,102.4453125,1,0,0,244,53
1789390311.5265267,1342786,1342744,0.0,93.2890625,1,0,0,118,53
1789390312.5320082,1342744,1342742,143.2,2754.5234375,80,0,165392384,186,6
1789390312.5320935,1342778,1342744,0.0,24.47265625,1,0,0,61,35
1789390312.5321476,1342780,1342744,0.0,67.42578125,1,0,0,90,58
1789390312.5321982,1342782,1342744,0.0,77.1015625,1,0,0,794,350
1789390312.5322464,1342784,1342744,31.8,74.171875,1,0,0,249,56
1789390312.5322933,1342786,1342744,0.0,93.2890625,1,0,0,118,53
1789390313.5379102,1342744,1342742,165.0,2754.65625,80,0,165392384,186,6
1789390313.5379949,1342778,1342744,0.0,24.47265625,1,0,0,61,35
1789390313.5380504,1342780,1342744,0.0,67.42578125,1,0,0,90,58
1789390313.5381017,1342782,1342744,0.0,77.1015625,1,0,0,794,350
1789390313.5381525,1342784,1342744,0.0,74.171875,1,0,0,249,56
1789390313.5382001,1342786,1342744,0.0,93.2890625,1,0,0,118,53
1789390314.5434482,1342744,1342742,150.2,2754.66015625,80,0,165392384,186,6
1789390314.5435271,1342778,1342744,0.0,24.47265625,1,0,0,61,35
1789390314.5435784,1342780,1342744,0.0,67.42578125,1,0,0,90,58
1789390314.5436237,1342782,1342744,0.0,77.1015625,1,0,0,794,350
1789390314.5436664,1342784,1342744,0.0,22.5703125,1,0,0,250,59
1789390314.5437078,1342786,1342744,0.0,93.2890625,1,0,0,118,53
1789390315.5495753,1342744,1342742,137.2,2761.61328125,80,0,165392384,186,6
1789390315.5496612,1342778,1342744,0.0,24.47265625,1,0,0,61,35
1789390315.5497172,1342780,1342744,0.0,67.42578125,1,0,0,90,58
1789390315.549768,1342782,1342744,0.0,77.1015625,1,0,0,794,350
1789390315.5498161,1342784,1342744,0.0,22.5703125,1,0,0,250,59
1789390315.5498662,1342786,1342744,0.0,93.2890625,1,0,0,118,53
1789390316.5554886,1342744,1342742,137.2,2762.8203125,80,0,165392384,186,6
1789390316.555577,1342778,1342744,0.0,24.47265625,1,0,0,61,35
1789390316.5556352,1342780,1342744,0.0,67.42578125,1,0,0,90,58
1789390316.5556884,1342782,1342744,0.0,77.1015625,1,0,0,794,350
1789390316.5557387,1342784,1342744,0.0,22.5703125,1,0,0,250,59
1789390316.555788,1342786,1342744,0.0,93.2890625,1,0,0,118,53
1789390317.5613785,1342744,1342742,144.2,2762.8203125,80,0,165392384,186,6
1789390317.5614576,1342778,1342744,0.0,24.47265625,1,0,0,61,35
1789390317.5615087,1342780,1342744,0.0,67.42578125,1,0,0,90,58
1789390317.5615559,1342782,1342744,0.0,77.1015625,1,0,0,794,350
1789390317.561601,1342784,1342744,0.0,22.5703125,1,0,0,250,59
1789390317.561645,1342786,1342744,0.0,93.2890625,1,0,0,118,53
1789390318.5671346,1342744,1342742,128.3,2762.8203125,80,0,165392384,186,6
1789390318.5672157,1342778,1342744,0.0,24.47265625,1,0,0,61,35
1789390318.5672672,1342780,1342744,0.0,67.42578125,1,0,0,90,58
1789390318.5673134,1342782,1342744,0.0,77.1015625,1,0,0,794,350
1789390318.5673578,1342784,1342744,0.0,22.5703125,1,0,0,250,59
1789390318.5674026,1342786,1342744,0.0,93.2890625,1,0,0,118,53
1789390319.5726824,1342744,1342742,133.3,2762.8203125,80,0,165392384,186,6
1789390319.5727632,1342778,1342744,0.0,24.47265625,1,0,0,61,35
1789390319.5728142,1342780,1342744,0.0,67.42578125,1,0,0,90,58
1789390319.5728638,1342782,1342744,0.0,77.1015625,1,0,0,794,350
1789390319.5729072,1342784,1342744,0.0,22.5703125,1,0,0,250,59
1789390319.5729492,1342786,1342744,0.0,93.2890625,1,0,0,118,53
1789390320.5782847,1342744,1342742,127.3,2762.8203125,80,0,165392384,186,6
1789390320.5783653,1342778,1342744,0.0,24.47265625,1,0,0,61,35
1789390320.5784187,1342780,1342744,0.0,67.42578125,1,0,0,90,58
1789390320.5784667,1342782,1342744,0.0,77.1015625,1,0,0,794,350
1789390320.5785146,1342784,1342744,0.0,22.5703125,1,0,0,250,59
1789390320.5785608,1342786,1342744,0.0,93.2890625,1,0,0,118,53
1789390321.584041,1342744,1342742,137.2,2762.8203125,80,0,165392384,186,6
1789390321.5841238,1342778,1342744,0.0,24.47265625,1,0,0,61,35
1789390321.5841775,1342780,1342744,0.0,67.42578125,1,0,0,90,58
1789390321.584226,1342782,1342744,0.0,77.1015625,1,0,0,794,350
1789390321.5842729,1342784,1342744,0.0,22.5703125,1,0,0,250,59
1789390321.5843203,1342786,1342744,0.0,93.2890625,1,0,0,118,53
1789390322.5896971,1342744,1342742,142.2,2762.8203125,80,0,165392384,186,6
1789390322.589781,1342778,1342744,0.0,24.47265625,1,0,0,61,35
1789390322.589836,1342780,1342744,0.0,67.42578125,1,0,0,90,58
1789390322.5898895,1342782,1342744,0.0,77.1015625,1,0,0,794,350
1789390322.5899386,1342784,1342744,0.0,22.5703125,1,0,0,250,59
1789390322.5899866,1342786,1342744,0.0,93.2890625,1,0,0,118,53
1789390323.5950494,1342744,1342742,165.1,2762.8203125,80,0,165392384,186,6
1789390323.595126,1342778,1342744,0.0,24.47265625,1,0,0,61,35
1789390323.5951736,1342780,1342744,0.0,67.42578125,1,0,0,90,58
1789390323.5952177,1342782,1342744,0.0,77.1015625,1,0,0,794,350
1789390323.595259,1342784,1342744,0.0,22.5703125,1,0,0,250,59
1789390323.5953002,1342786,1342744,0.0,93.2890625,1,0,0,118,53
1789390324.6009822,1342744,1342742,135.2,2763.84375,80,0,176017408,187,6
1789390324.6010706,1342778,1342744,21.9,33.0234375,1,0,0,129,46
1789390324.6011279,1342780,1342744,0.0,67.42578125,1,0,0,90,58
1789390324.601181,1342782,1342744,0.0,77.1015625,1,0,0,794,350
1789390324.6012306,1342784,1342744,0.0,22.5703125,1,0,0,250,59
1789390324.6012793,1342786,1342744,0.0,93.2890625,1,0,0,118,53
1789390325.6065364,1342744,1342742,168.1,2763.84375,80,0,176017408,187,6
1789390325.6066144,1342778,1342744,28.8,54.9296875,1,0,0,149,54
1789390325.606665,1342780,1342744,0.0,67.42578125,1,0,0,90,58
1789390325.6067116,1342782,1342744,0.0,77.1015625,1,0,0,794,350
1789390325.6067567,1342784,1342744,0.0,22.5703125,1,0,0,250,59
1789390325.6067986,1342786,1342744,0.0,93.2890625,1,0,0,118,53
1789390326.612109,1342744,1342742,137.2,2763.84375,80,0,176017408,187,6
1789390326.6121922,1342778,1342744,3.0,54.9296875,1,0,0,153,55
1789390326.6122432,1342780,1342744,0.0,67.42578125,1,0,0,90,58
1789390326.6122892,1342782,1342744,0.0,77.1015625,1,0,0,794,350
1789390326.612335,1342784,1342744,0.0,22.5703125,1,0,0,250,59
1789390326.612378,1342786,1342744,0.0,93.2890625,1,0,0,118,53
1789390327.617812,1342744,1342742,126.3,2763.84375,80,0,176017408,187,6
1789390327.617895,1342778,1342744,0.0,54.9296875,1,0,0,153,55
1789390327.617946,1342780,1342744,0.0,67.42578125,1,0,0,90,58
1789390327.6179929,1342782,1342744,0.0,77.1015625,1,0,0,794,350
1789390327.6180391,1342784,1342744,0.0,22.5703125,1,0,0,250,59
1789390327.6180854,1342786,1342744,0.0,93.2890625,1,0,0,118,53
1789390328.6234286,1342744,1342742,146.2,2763.84375,80,0,192847872,188,6
1789390328.6235108,1342778,1342744,0.0,54.9296875,1,0,0,153,55
1789390328.623563,1342780,1342744,0.0,67.42578125,1,0,0,90,58
1789390328.62361,1342782,1342744,5.0,77.2265625,1,0,0,803,355
1789390328.6236553,1342784,1342744,0.0,22.5703125,1,0,0,250,59
1789390328.6236987,1342786,1342744,0.0,93.2890625,1,0,0,118,53
1789390329.629011,1342744,1342742,135.2,2763.84375,80,0,192847872,188,6
1789390329.6290874,1342778,1342744,2.0,54.9296875,1,0,0,154,59
1789390329.629137,1342780,1342744,0.0,67.42578125,1,0,0,90,58
1789390329.6291816,1342782,1342744,0.0,77.2265625,1,0,0,803,355
1789390329.6292295,1342784,1342744,0.0,22.5703125,1,0,0,250,59
1789390329.6292722,1342786,1342744,0.0,93.2890625,1,0,0,118,53
1789390330.6360972,1342744,1342742,148.9,2763.84375,80,0,192847872,188,6
1789390330.636183,1342778,1342744,3.0,54.9296875,1,0,0,157,62
1789390330.6362376,1342780,1342744,0.0,67.42578125,1,0,0,90,58
1789390330.6362872,1342782,1342744,0.0,77.2265625,1,0,0,803,355
1789390330.6363356,1342784,1342744,0.0,22.5703125,1,0,0,250,59
1789390330.636384,1342786,1342744,0.0,93.2890625,1,0,0,118,53
1789390331.6417954,1342744,1342742,137.2,2763.8515625,80,0,192847872,188,6
1789390331.6418872,1342778,1342744,14.9,73.0625,1,0,0,160,64
1789390331.6419358,1342780,1342744,0.0,67.42578125,1,0,0,90,58
1789390331.6419814,1342782,1342744,0.0,77.2265625,1,0,0,803,355
1789390331.6420338,1342784,1342744,0.0,22.5703125,1,0,0,250,59
1789390331.642076,1342786,1342744,0.0,93.2890625,1,0,0,118,53
1789390332.6476772,1342744,1342742,143.2,2764.12890625,80,0,192847872,188,6
1789390332.6477633,1342778,1342744,0.0,73.0625,1,0,0,160,64
1789390332.647819,1342780,1342744,0.0,67.42578125,1,0,0,90,58
1789390332.647873,1342782,1342744,0.0,77.2265625,1,0,0,803,355
1789390332.64793,1342784,1342744,0.0,22.5703125,1,0,0,250,59
1789390332.647979,1342786,1342744,0.0,93.2890625,1,0,0,118,53
1789390333.653315,1342744,1342742,136.2,2764.12890625,80,0,192847872,188,6
1789390333.653396,1342778,1342744,2.0,73.0625,1,0,0,162,64
1789390333.6534483,1342780,1342744,0.0,67.42578125,1,0,0,90,58
1789390333.653496,1342782,1342744,0.0,77.2265625,1,0,0,803,355
1789390333.6535428,1342784,1342744,0.0,22.5703125,1,0,0,250,59
1789390333.6535866,1342786,1342744,0.0,93.2890625,1,0,0,118,53
1789390334.658892,1342744,1342742,123.3,2764.12890625,80,0,192847872,188,6
1789390334.6589713,1342778,1342744,2.0,73.0625,1,0,0,163,64
1789390334.6590223,1342780,1342744,0.0,67.42578125,1,0,0,90,58
1789390334.659068,1342782,1342744,0.0,77.2265625,1,0,0,803,355
1789390334.6591141,1342784,1342744,0.0,22.5703125,1,0,0,250,59
1789390334.6591573,1342786,1342744,0.0,93.2890625,1,0,0,118,53
1789390335.6651661,1342744,1342742,130.2,2764.140625,80,0,193789952,189,6
1789390335.665262,1342778,1342744,0.0,73.0625,1,0,0,163,64
1789390335.6653209,1342780,1342744,11.9,67.42578125,1,0,0,114,62
1789390335.6653774,1342782,1342744,0.0,77.2265625,1,0,0,803,355
1789390335.6654298,1342784,1342744,0.0,22.5703125,1,0,0,250,59
1789390335.6654816,1342786,1342744,0.0,93.2890625,1,0,0,118,53
1789390336.6711001,1342744,1342742,141.2,2765.48828125,80,0,193789952,189,6
1789390336.671187,1342778,1342744,0.0,73.0625,1,0,0,163,64
1789390336.6712415,1342780,1342744,26.8,67.42578125,1,0,0,148,69
1789390336.6712933,1342782,1342744,0.0,77.2265625,1,0,0,803,355
1789390336.6713433,1342784,1342744,0.0,22.5703125,1,0,0,250,59
1789390336.671392,1342786,1342744,0.0,93.2890625,1,0,0,118,53
1789390337.6780553,1342744,1342742,126.1,2765.48828125,80,0,193789952,189,6
1789390337.6781495,1342778,1342744,2.0,73.0625,1,0,0,165,65
1789390337.6782072,1342780,1342744,0.0,67.42578125,1,0,0,148,69
1789390337.678261,1342782,1342744,0.0,77.2265625,1,0,0,803,355
1789390337.6783123,1342784,1342744,0.0,22.5703125,1,0,0,250,59
1789390337.6783617,1342786,1342744,0.0,93.2890625,1,0,0,118,53
1789390338.6842165,1342744,1342742,135.2,2765.48828125,80,0,193789952,189,6
1789390338.6843052,1342778,1342744,0.0,73.0625,1,0,0,165,65
1789390338.6843622,1342780,1342744,0.0,67.42578125,1,0,0,148,69
1789390338.6844144,1342782,1342744,0.0,77.2265625,1,0,0,803,355
1789390338.684465,1342784,1342744,0.0,22.5703125,1,0,0,250,59
1789390338.684512,1342786,1342744,0.0,93.2890625,1,0,0,118,53
1789390339.6898048,1342744,1342742,126.3,2765.48828125,80,0,193789952,189,6
1789390339.6899014,1342778,1342744,0.0,73.0625,1,0,0,166,66
1789390339.6899617,1342780,1342744,0.0,67.42578125,1,0,0,148,69
1789390339.6900167,1342782,1342744,0.0,77.2265625,1,0,0,803,355
1789390339.6900716,1342784,1342744,0.0,22.5703125,1,0,0,250,59
1789390339.6901243,1342786,1342744,0.0,93.2890625,1,0,0,118,53
1789390340.6957407,1342744,1342742,124.3,2765.48828125,80,0,193789952,189,6
1789390340.6958275,1342778,1342744,0.0,73.0625,1,0,0,166,66
1789390340.695885,1342780,1342744,0.0,67.42578125,1,0,0,148,69
1789390340.6959367,1342782,1342744,0.0,77.2265625,1,0,0,803,355
1789390340.6959877,1342784,1342744,0.0,22.5703125,1,0,0,250,59
1789390340.6960359,1342786,1342744,0.0,93.2890625,1,0,0,118,53
1789390341.7011008,1342744,1342742,124.3,2765.48828125,80,0,193789952,189,6
1789390341.7011795,1342778,1342744,0.0,73.0625,1,0,0,166,66
1789390341.7012286,1342780,1342744,3.0,67.42578125,1,0,0,150,70
1789390341.7012737,1342782,1342744,0.0,77.2265625,1,0,0,803,355
1789390341.701316,1342784,1342744,0.0,22.5703125,1,0,0,250,59
1789390341.7013578,1342786,1342744,0.0,93.2890625,1,0,0,118,53
1789390342.707296,1342744,1342742,139.1,2765.48828125,80,0,193789952,189,6
1789390342.7073886,1342778,1342744,0.0,73.0625,1,0,0,166,66
1789390342.7074463,1342780,1342744,0.0,67.42578125,1,0,0,150,70
1789390342.7074986,1342782,1342744,0.0,77.2265625,1,0,0,803,355
1789390342.7075489,1342784,1342744,0.0,22.5703125,1,0,0,250,59
1789390342.7075984,1342786,1342744,0.0,93.2890625,1,0,0,118,53
1789390343.7129273,1342744,1342742,133.3,2765.48828125,80,0,193789952,189,6
1789390343.7130072,1342778,1342744,0.0,73.0625,1,0,0,166,66
1789390343.7130582,1342780,1342744,2.0,67.42578125,1,0,0,151,71
1789390343.7131052,1342782,1342744,0.0,77.2265625,1,0,0,803,355
1789390343.7131503,1342784,1342744,0.0,22.5703125,1,0,0,250,59
1789390343.7131953,1342786,1342744,0.0,93.2890625,1,0,0,118,53
1789390344.718695,1342744,1342742,117.3,2765.48828125,80,0,193789952,189,6
1789390344.7187781,1342778,1342744,0.0,73.0625,1,0,0,166,66
1789390344.7188313,1342780,1342744,0.0,67.42578125,1,0,0,151,71
1789390344.7188826,1342782,1342744,0.0,77.2265625,1,0,0,803,355
1789390344.71893,1342784,1342744,0.0,22.5703125,1,0,0,250,59
1789390344.7189765,1342786,1342744,0.0,93.2890625,1,0,0,118,53
1789390345.7242692,1342744,1342742,125.3,2765.48828125,80,0,193789952,189,6
1789390345.7243478,1342778,1342744,0.0,73.0625,1,0,0,166,66
1789390345.724397,1342780,1342744,2.0,67.42578125,1,0,0,152,77
1789390345.7244427,1342782,1342744,0.0,77.2265625,1,0,0,803,355
1789390345.7244859,1342784,1342744,0.0,22.5703125,1,0,0,250,59
1789390345.724528,1342786,1342744,0.0,93.2890625,1,0,0,118,53
1789390346.7300513,1342744,1342742,134.2,2765.48828125,80,0,193789952,189,6
1789390346.7301352,1342778,1342744,0.0,73.0625,1,0,0,166,66
1789390346.7301886,1342780,1342744,0.0,67.42578125,1,0,0,152,77
1789390346.7302365,1342782,1342744,0.0,77.2265625,1,0,0,803,355
1789390346.7302828,1342784,1342744,0.0,22.5703125,1,0,0,250,59
1789390346.7303293,1342786,1342744,0.0,93.2890625,1,0,0,118,53
1789390347.7356722,1342744,1342742,118.3,2765.48828125,80,0,193789952,189,6
1789390347.735752,1342778,1342744,0.0,73.0625,1,0,0,166,66
1789390347.7358043,1342780,1342744,0.0,67.42578125,1,0,0,152,77
1789390347.7358575,1342782,1342744,0.0,77.2265625,1,0,0,803,355
1789390347.7359023,1342784,1342744,0.0,22.5703125,1,0,0,250,59
1789390347.7359452,1342786,1342744,0.0,93.2890625,1,0,0,118,53
1789390348.741634,1342744,1342742,136.2,2765.48828125,80,0,193789952,189,6
1789390348.7417207,1342778,1342744,0.0,73.0625,1,0,0,166,66
1789390348.7417765,1342780,1342744,0.0,67.42578125,1,0,0,152,77
1789390348.7418277,1342782,1342744,0.0,77.2265625,1,0,0,803,355
1789390348.7418795,1342784,1342744,0.0,22.5703125,1,0,0,250,59
1789390348.7419267,1342786,1342744,0.0,93.2890625,1,0,0,118,53
1789390349.748109,1342744,1342742,133.1,2765.48828125,80,0,193789952,189,6
1789390349.748202,1342778,1342744,0.0,73.0625,1,0,0,166,66
1789390349.7482624,1342780,1342744,0.0,67.42578125,1,0,0,152,77
1789390349.7483172,1342782,1342744,0.0,77.2265625,1,0,0,803,355
1789390349.7483702,1342784,1342744,0.0,22.5703125,1,0,0,250,59
1789390349.7484207,1342786,1342744,0.0,93.2890625,1,0,0,118,53
1789390350.7545214,1342744,1342742,125.2,2765.48828125,80,0,193789952,189,6
1789390350.754601,1342778,1342744,0.0,73.0625,1,0,0,166,66
1789390350.7546492,1342780,1342744,0.0,67.42578125,1,0,0,152,77
1789390350.7546926,1342782,1342744,0.0,77.2265625,1,0,0,803,355
1789390350.7547348,1342784,1342744,0.0,22.5703125,1,0,0,250,59
1789390350.7547762,1342786,1342744,0.0,93.2890625,1,0,0,118,53
1789390351.7605534,1342744,1342742,133.2,2765.48828125,80,0,193789952,189,6
1789390351.7606459,1342778,1342744,0.0,73.0625,1,0,0,166,66
1789390351.7607048,1342780,1342744,0.0,67.42578125,1,0,0,152,77
1789390351.7607586,1342782,1342744,0.0,77.2265625,1,0,0,803,355
1789390351.7608087,1342784,1342744,0.0,22.5703125,1,0,0,250,59
1789390351.7608607,1342786,1342744,0.0,93.2890625,1,0,0,118,53
1789390352.766098,1342744,1342742,128.3,2765.48828125,80,0,193789952,189,6
1789390352.7661805,1342778,1342744,0.0,73.0625,1,0,0,166,66
1789390352.7662327,1342780,1342744,0.0,67.42578125,1,0,0,153,77
1789390352.766281,1342782,1342744,0.0,77.2265625,1,0,0,803,355
1789390352.7663271,1342784,1342744,0.0,22.5703125,1,0,0,250,59
1789390352.7663717,1342786,1342744,0.0,93.2890625,1,0,0,118,53
1789390353.7718914,1342744,1342742,133.2,2765.48828125,80,0,193789952,189,6
1789390353.7719777,1342778,1342744,0.0,73.0625,1,0,0,166,66
1789390353.7720313,1342780,1342744,0.0,67.42578125,1,0,0,153,77
1789390353.77208,1342782,1342744,0.0,77.2265625,1,0,0,803,355
1789390353.7721283,1342784,1342744,0.0,22.5703125,1,0,0,250,59
1789390353.7721748,1342786,1342744,0.0,93.2890625,1,0,0,118,53
1789390354.7776105,1342744,1342742,128.3,2765.48828125,80,0,193789952,189,6
1789390354.7776926,1342778,1342744,0.0,73.0625,1,0,0,166,66
1789390354.7777443,1342780,1342744,0.0,67.42578125,1,0,0,153,77
1789390354.777791,1342782,1342744,0.0,77.2265625,1,0,0,803,355
1789390354.777836,1342784,1342744,0.0,22.5703125,1,0,0,250,59
1789390354.7778819,1342786,1342744,0.0,93.2890625,1,0,0,118,53
1789390355.7883413,1342744,1342742,117.7,2765.48828125,80,0,193789952,189,6
1789390355.7884977,1342778,1342744,0.0,73.0625,1,0,0,166,66
1789390355.7886176,1342780,1342744,0.0,67.42578125,1,0,0,153,77
1789390355.788734,1342782,1342744,0.0,77.2265625,1,0,0,803,355
1789390355.7888472,1342784,1342744,0.0,22.5703125,1,0,0,250,59
1789390355.788964,1342786,1342744,0.0,93.2890625,1,0,0,118,53
1789390356.799202,1342744,1342742,144.4,2765.48828125,80,0,193789952,189,6
1789390356.7993562,1342778,1342744,0.0,73.0625,1,0,0,166,66
1789390356.7994728,1342780,1342744,6.9,67.42578125,1,0,0,159,85
1789390356.7995858,1342782,1342744,0.0,77.2265625,1,0,0,803,355
1789390356.7996967,1342784,1342744,0.0,22.5703125,1,0,0,250,59
1789390356.7998059,1342786,1342744,0.0,93.2890625,1,0,0,118,53
1789390357.8103998,1342744,1342742,120.7,2765.48828125,80,0,193789952,189,6
1789390357.810487,1342778,1342744,0.0,73.0625,1,0,0,166,66
1789390357.8105419,1342780,1342744,0.0,67.42578125,1,0,0,159,85
1789390357.8105915,1342782,1342744,0.0,77.2265625,1,0,0,803,355
1789390357.8106399,1342784,1342744,0.0,22.5703125,1,0,0,250,59
1789390357.8106859,1342786,1342744,0.0,93.2890625,1,0,0,118,53
1789390358.8169317,1342744,1342742,128.2,2765.48828125,80,0,193789952,189,6
1789390358.817016,1342778,1342744,0.0,73.0625,1,0,0,166,66
1789390358.8170693,1342780,1342744,0.0,67.42578125,1,0,0,159,85
1789390358.8171167,1342782,1342744,0.0,77.2265625,1,0,0,803,355
1789390358.8171628,1342784,1342744,0.0,22.5703125,1,0,0,250,59
1789390358.8172076,1342786,1342744,0.0,93.2890625,1,0,0,118,53
1789390359.822619,1342744,1342742,134.2,2765.48828125,80,0,193789952,189,6
1789390359.822702,1342778,1342744,0.0,73.0625,1,0,0,166,66
1789390359.8227534,1342780,1342744,0.0,67.42578125,1,0,0,159,85
1789390359.8228006,1342782,1342744,0.0,77.2265625,1,0,0,803,355
1789390359.8228476,1342784,1342744,0.0,22.5703125,1,0,0,250,59
1789390359.8228965,1342786,1342744,0.0,93.2890625,1,0,0,118,53
1789390360.8284304,1342744,1342742,146.2,2765.48828125,80,0,193789952,189,6
1789390360.8285148,1342778,1342744,0.0,73.0625,1,0,0,166,66
1789390360.828568,1342780,1342744,3.0,67.42578125,1,0,0,161,87
1789390360.8286176,1342782,1342744,0.0,77.2265625,1,0,0,803,355
1789390360.8286648,1342784,1342744,0.0,22.5703125,1,0,0,250,59
1789390360.8287098,1342786,1342744,0.0,93.2890625,1,0,0,118,53
1789390361.834279,1342744,1342742,132.2,2765.48828125,80,0,193789952,189,6
1789390361.834361,1342778,1342744,0.0,73.0625,1,0,0,166,66
1789390361.8344135,1342780,1342744,1.0,67.42578125,1,0,0,162,88
1789390361.8344617,1342782,1342744,0.0,77.2265625,1,0,0,803,355
1789390361.8345072,1342784,1342744,0.0,22.5703125,1,0,0,250,59
1789390361.834551,1342786,1342744,0.0,93.2890625,1,0,0,118,53
1789390362.8399851,1342744,1342742,130.3,2765.48828125,80,0,193789952,189,6
1789390362.8400695,1342778,1342744,0.0,73.0625,1,0,0,166,66
1789390362.8401227,1342780,1342744,0.0,67.42578125,1,0,0,162,88
1789390362.8401687,1342782,1342744,0.0,77.2265625,1,0,0,803,355
1789390362.8402147,1342784,1342744,0.0,22.5703125,1,0,0,250,59
1789390362.8402596,1342786,1342744,0.0,93.2890625,1,0,0,118,53
1789390363.8462224,1342744,1342742,137.1,2765.48828125,80,0,209715200,190,6
1789390363.8463132,1342778,1342744,0.0,73.0625,1,0,0,166,66
1789390363.8463726,1342780,1342744,0.0,67.42578125,1,0,0,162,88
1789390363.8464272,1342782,1342744,0.0,77.2265625,1,0,0,803,355
1789390363.846478,1342784,1342744,0.0,22.5703125,1,0,0,250,59
1789390363.8465269,1342786,1342744,1.0,93.2890625,1,0,0,119,55
1789390364.8521523,1342744,1342742,162.0,2781.56640625,80,0,209715200,190,6
1789390364.8522289,1342778,1342744,0.0,73.0625,1,0,0,166,66
1789390364.8522778,1342780,1342744,0.0,67.42578125,1,0,0,162,88
1789390364.8523228,1342782,1342744,0.0,77.2265625,1,0,0,803,355
1789390364.8523676,1342784,1342744,0.0,22.5703125,1,0,0,250,59
1789390364.8524103,1342786,1342744,48.7,93.2890625,1,0,0,195,65
1789390365.8576868,1342744,1342742,135.3,2781.58203125,80,0,209715200,190,6
1789390365.8577664,1342778,1342744,0.0,73.0625,1,0,0,166,66
1789390365.8578162,1342780,1342744,0.0,67.42578125,1,0,0,162,88
1789390365.8578653,1342782,1342744,0.0,77.2265625,1,0,0,803,355
1789390365.8579092,1342784,1342744,0.0,22.5703125,1,0,0,250,59
1789390365.8579533,1342786,1342744,2.0,93.2890625,1,0,0,196,65
1789390366.86386,1342744,1342742,133.2,2781.58203125,80,0,209715200,190,6
1789390366.8639524,1342778,1342744,0.0,73.0625,1,0,0,166,66
1789390366.864011,1342780,1342744,0.0,67.42578125,1,0,0,162,88
1789390366.8640625,1342782,1342744,0.0,77.2265625,1,0,0,803,355
1789390366.864113,1342784,1342744,0.0,22.5703125,1,0,0,250,59
1789390366.8641639,1342786,1342744,0.0,93.2890625,1,0,0,196,65
1789390367.8694835,1342744,1342742,137.2,2781.58984375,80,0,209715200,190,6
1789390367.8695621,1342778,1342744,0.0,73.0625,1,0,0,166,66
1789390367.869611,1342780,1342744,0.0,67.42578125,1,0,0,162,88
1789390367.869654,1342782,1342744,0.0,77.2265625,1,0,0,803,355
1789390367.869696,1342784,1342744,0.0,22.5703125,1,0,0,250,59
1789390367.8697386,1342786,1342744,0.0,93.2890625,1,0,0,196,65
1789390368.8750913,1342744,1342742,151.2,2781.58984375,80,0,209715200,190,6
1789390368.8751714,1342778,1342744,0.0,73.0625,1,0,0,166,66
1789390368.8752217,1342780,1342744,0.0,67.42578125,1,0,0,162,88
1789390368.8752673,1342782,1342744,0.0,77.2265625,1,0,0,803,355
1789390368.8753138,1342784,1342744,0.0,22.5703125,1,0,0,250,59
1789390368.8753572,1342786,1342744,13.9,93.2890625,1,0,0,202,69
1789390369.880949,1342744,1342742,137.2,2781.58984375,80,0,209715200,190,6
1789390369.8810375,1342778,1342744,0.0,73.0625,1,0,0,166,66
1789390369.881094,1342780,1342744,0.0,67.42578125,1,0,0,162,88
1789390369.881145,1342782,1342744,0.0,77.2265625,1,0,0,803,355
1789390369.8811934,1342784,1342744,0.0,22.5703125,1,0,0,250,59
1789390369.8812432,1342786,1342744,1.0,93.2890625,1,0,0,203,69
1789390370.8865204,1342744,1342742,141.2,2781.59765625,80,0,209715200,190,6
1789390370.886602,1342778,1342744,0.0,73.0625,1,0,0,166,66
1789390370.8866525,1342780,1342744,0.0,67.42578125,1,0,0,162,88
1789390370.8866982,1342782,1342744,0.0,77.2265625,1,0,0,803,355
1789390370.8867424,1342784,1342744,0.0,22.5703125,1,0,0,250,59
1789390370.8867865,1342786,1342744,2.0,93.2890625,1,0,0,205,69
1789390371.8922794,1342744,1342742,131.2,2781.59765625,80,0,209715200,190,6
1789390371.8923628,1342778,1342744,0.0,73.0625,1,0,0,166,66
1789390371.8924153,1342780,1342744,0.0,67.42578125,1,0,0,162,88
1789390371.8924618,1342782,1342744,0.0,77.2265625,1,0,0,803,355
1789390371.8925076,1342784,1342744,0.0,22.5703125,1,0,0,250,59
1789390371.8925543,1342786,1342744,0.0,93.2890625,1,0,0,205,69
1789390372.897756,1342744,1342742,147.2,2783.625,80,0,218963968,191,6
1789390372.8978314,1342778,1342744,0.0,73.0625,1,0,0,166,66
1789390372.8978813,1342780,1342744,0.0,67.42578125,1,0,0,162,88
1789390372.8979347,1342782,1342744,0.0,77.2265625,1,0,0,803,355
1789390372.8979752,1342784,1342744,28.8,50.19140625,1,0,0,289,63
1789390372.8980181,1342786,1342744,0.0,93.2890625,1,0,0,205,69
1789390373.9035,1342744,1342742,131.2,2783.625,80,0,218963968,191,6
1789390373.903582,1342778,1342744,0.0,73.0625,1,0,0,166,66
1789390373.9036338,1342780,1342744,0.0,67.42578125,1,0,0,162,88
1789390373.9036806,1342782,1342744,0.0,77.2265625,1,0,0,803,355
1789390373.9037244,1342784,1342744,0.0,50.19140625,1,0,0,289,63
1789390373.9037752,1342786,1342744,0.0,93.2890625,1,0,0,205,69
1789390374.9091327,1342744,1342742,133.2,2783.625,80,0,218963968,191,6
1789390374.9092126,1342778,1342744,0.0,73.0625,1,0,0,166,66
1789390374.9092634,1342780,1342744,0.0,67.42578125,1,0,0,162,88
1789390374.909311,1342782,1342744,0.0,77.2265625,1,0,0,803,355
1789390374.9093583,1342784,1342744,0.0,50.19140625,1,0,0,289,63
1789390374.9094038,1342786,1342744,0.0,93.2890625,1,0,0,205,69
1789390375.9148662,1342744,1342742,131.2,2783.625,80,0,218963968,191,6
1789390375.9149477,1342778,1342744,0.0,73.0625,1,0,0,166,66
1789390375.9149988,1342780,1342744,0.0,67.42578125,1,0,0,162,88
1789390375.9150467,1342782,1342744,0.0,77.2265625,1,0,0,803,355
1789390375.9150937,1342784,1342744,0.0,50.19140625,1,0,0,289,63
1789390375.9151385,1342786,1342744,0.0,93.2890625,1,0,0,205,69
1789390376.9204977,1342744,1342742,132.3,2783.625,80,0,218963968,191,6
1789390376.9205823,1342778,1342744,0.0,73.0625,1,0,0,166,66
1789390376.9206364,1342780,1342744,0.0,67.42578125,1,0,0,162,88
1789390376.9206848,1342782,1342744,0.0,77.2265625,1,0,0,803,355
1789390376.920732,1342784,1342744,0.0,50.19140625,1,0,0,289,63
1789390376.920778,1342786,1342744,0.0,93.2890625,1,0,0,205,69
1789390377.9259756,1342744,1342742,135.3,2783.625,80,0,218963968,191,6
1789390377.926054,1342778,1342744,0.0,73.0625,1,0,0,166,66
1789390377.9261036,1342780,1342744,0.0,67.42578125,1,0,0,162,88
1789390377.92615,1342782,1342744,0.0,77.2265625,1,0,0,803,355
1789390377.926195,1342784,1342744,0.0,50.19140625,1,0,0,289,63
1789390377.926237,1342786,1342744,0.0,93.2890625,1,0,0,205,69
1789390378.9327283,1342744,1342742,134.1,2783.625,80,0,218963968,191,6
1789390378.9328077,1342778,1342744,0.0,73.0625,1,0,0,166,66
1789390378.9328628,1342780,1342744,0.0,67.42578125,1,0,0,162,88
1789390378.932909,1342782,1342744,0.0,77.2265625,1,0,0,803,355
1789390378.9329555,1342784,1342744,0.0,50.19140625,1,0,0,289,63
1789390378.933,1342786,1342744,0.0,93.2890625,1,0,0,205,69
1789390379.9389126,1342744,1342742,127.2,2783.625,80,0,218963968,191,6
1789390379.9390054,1342778,1342744,0.0,73.0625,1,0,0,166,66
1789390379.9390633,1342780,1342744,0.0,67.42578125,1,0,0,162,88
1789390379.9391167,1342782,1342744,0.0,77.2265625,1,0,0,803,355
1789390379.9391687,1342784,1342744,0.0,50.19140625,1,0,0,289,63
1789390379.9392185,1342786,1342744,0.0,93.2890625,1,0,0,205,69
1789390380.944625,1342744,1342742,134.2,2783.6328125,80,0,218963968,191,6
1789390380.944705,1342778,1342744,0.0,73.0625,1,0,0,166,66
1789390380.9447575,1342780,1342744,0.0,67.42578125,1,0,0,162,88
1789390380.9448042,1342782,1342744,0.0,77.2265625,1,0,0,803,355
1789390380.944852,1342784,1342744,0.0,50.19140625,1,0,0,289,63
1789390380.9448977,1342786,1342744,0.0,93.2890625,1,0,0,205,69
1789390381.9508393,1342744,1342742,129.2,2783.6328125,80,0,218963968,191,6
1789390381.9509308,1342778,1342744,0.0,73.0625,1,0,0,166,66
1789390381.9509912,1342780,1342744,0.0,67.42578125,1,0,0,162,88
1789390381.9510453,1342782,1342744,0.0,77.2265625,1,0,0,803,355
1789390381.9510987,1342784,1342744,0.0,50.19140625,1,0,0,289,63
1789390381.9511507,1342786,1342744,0.0,93.2890625,1,0,0,205,69
1789390382.9568486,1342744,1342742,150.1,2783.69921875,80,0,231391232,192,6
1789390382.9569433,1342778,1342744,0.0,73.0625,1,0,0,166,66
1789390382.957002,1342780,1342744,0.0,67.42578125,1,0,0,162,88
1789390382.957056,1342782,1342744,73.6,80.109375,1,0,0,882,375
1789390382.9571092,1342784,1342744,0.0,50.19140625,1,0,0,289,63
1789390382.9571624,1342786,1342744,0.0,93.2890625,1,0,0,205,69
1789390383.9625733,1342744,1342742,141.2,2797.18359375,80,0,231391232,192,6
1789390383.9626532,1342778,1342744,0.0,73.0625,1,0,0,166,66
1789390383.9627044,1342780,1342744,0.0,67.42578125,1,0,0,162,88
1789390383.9627507,1342782,1342744,31.8,80.83984375,1,0,0,892,390
1789390383.9627962,1342784,1342744,0.0,50.19140625,1,0,0,289,63
1789390383.9628408,1342786,1342744,0.0,93.2890625,1,0,0,205,69
1789390384.9684916,1342744,1342742,129.2,2797.18359375,80,0,231391232,192,6
1789390384.9685826,1342778,1342744,0.0,73.0625,1,0,0,166,66
1789390384.968641,1342780,1342744,0.0,67.42578125,1,0,0,162,88
1789390384.9686937,1342782,1342744,0.0,80.83984375,1,0,0,892,390
1789390384.968745,1342784,1342744,0.0,50.19140625,1,0,0,289,63
1789390384.9687946,1342786,1342744,0.0,93.2890625,1,0,0,205,69
1789390385.9741714,1342744,1342742,135.2,2797.18359375,80,0,231391232,192,6
1789390385.9742572,1342778,1342744,0.0,73.0625,1,0,0,166,66
1789390385.9743128,1342780,1342744,0.0,67.42578125,1,0,0,162,88
1789390385.9743638,1342782,1342744,0.0,80.83984375,1,0,0,892,390
1789390385.9744112,1342784,1342744,0.0,50.19140625,1,0,0,289,63
1789390385.9744585,1342786,1342744,0.0,93.2890625,1,0,0,205,69
1789390386.9845283,1342744,1342742,136.6,2797.18359375,80,0,231391232,192,6
1789390386.984681,1342778,1342744,0.0,73.0625,1,0,0,166,66
1789390386.984797,1342780,1342744,0.0,67.42578125,1,0,0,162,88
1789390386.9849138,1342782,1342744,0.0,80.83984375,1,0,0,892,390
1789390386.9850235,1342784,1342744,0.0,50.19140625,1,0,0,289,63
1789390386.9851305,1342786,1342744,0.0,93.2890625,1,0,0,205,69
1789390387.9910212,1342744,1342742,139.1,2797.18359375,80,0,237359104,193,6
1789390387.9911096,1342778,1342744,0.0,73.0625,1,0,0,166,66
1789390387.9911683,1342780,1342744,0.0,67.42578125,1,0,0,162,88
1789390387.9912205,1342782,1342744,2.0,80.83984375,1,0,0,894,391
1789390387.9912713,1342784,1342744,0.0,50.19140625,1,0,0,289,63
1789390387.9913201,1342786,1342744,0.0,93.2890625,1,0,0,205,69
1789390389.0003278,1342744,1342742,170.4,2797.18359375,80,0,237359104,193,6
1789390389.000413,1342778,1342744,0.0,73.0625,1,0,0,166,66
1789390389.000467,1342780,1342744,0.0,67.42578125,1,0,0,162,88
1789390389.000515,1342782,1342744,10.9,80.83984375,1,0,0,902,397
1789390389.000563,1342784,1342744,0.0,50.19140625,1,0,0,289,63
1789390389.000609,1342786,1342744,0.0,93.2890625,1,0,0,205,69
1789390390.0060017,1342744,1342742,131.3,2797.18359375,80,0,237359104,193,6
1789390390.0060863,1342778,1342744,0.0,73.0625,1,0,0,166,66
1789390390.0061383,1342780,1342744,0.0,67.42578125,1,0,0,162,88
1789390390.0061862,1342782,1342744,0.0,80.83984375,1,0,0,902,397
1789390390.00623,1342784,1342744,0.0,50.19140625,1,0,0,289,63
1789390390.0062735,1342786,1342744,0.0,93.2890625,1,0,0,205,69
1789390391.0118384,1342744,1342742,177.9,2786.09375,80,0,237359104,193,6
1789390391.0121818,1342778,1342744,0.0,73.0625,1,0,0,166,66
1789390391.012426,1342780,1342744,0.0,67.42578125,1,0,0,162,88
1789390391.0126464,1342782,1342744,0.0,80.83984375,1,0,0,902,397
1789390391.0128753,1342784,1342744,0.0,50.19140625,1,0,0,289,63
1789390391.0130901,1342786,1342744,0.0,93.2890625,1,0,0,205,69
1789390392.0186813,1342744,1342742,119.2,0.0,1,0,252538880,206,7
